institution,country,arwu_rank,arwu_score,tuition_in_state_usd,tuition_out_state_usd,total_cost_usd,uk_home_fee_gbp,uk_intl_fee_gbp,price_usd,rank,rank_percentile,price_percentile,united_states_rank_percentile,united_states_price_percentile,united_kingdom_rank_percentile,united_kingdom_price_percentile,value_score,united_states_value_score,united_kingdom_value_score
Academy of Art University,United States,401,0.8,28024.0,28024.0,47195.0,,,28024.0,401,16.849015317286653,40.91903719912472,13.436692506459949,39.276485788113696,,,33.7417943107221,32.351421188630496,
Biola University,United States,7,60.4,46704.0,46704.0,58430.0,,,46704.0,7,96.06126914660832,83.80743982494529,95.60723514211887,81.13695090439276,,,64.11378555798687,64.90956072351422,
California Baptist University,United States,63,25.5,39720.0,39720.0,52408.0,,,39720.0,63,46.389496717724285,71.99124726477024,38.759689922480625,67.44186046511628,,,39.03719912472647,36.27906976744187,
California Institute of Technology,United States,8,59.5,63255.0,63255.0,83598.0,,,63255.0,8,94.74835886214443,96.06126914660832,94.05684754521964,95.34883720930233,,,58.42450765864333,58.29457364341085,
California Lutheran University,United States,63,25.5,50670.0,50670.0,63768.0,,,50670.0,63,46.389496717724285,86.43326039387308,38.759689922480625,83.97932816537468,,,33.260393873085334,29.664082687338503,
California State University-Stanislaus,United States,63,25.5,7826.0,19706.0,18542.0,,,19706.0,63,46.389496717724285,20.13129102844639,38.759689922480625,21.705426356589147,,,59.78118161925602,54.57364341085272,
California State University-Chico,United States,63,25.5,8064.0,19944.0,25590.0,,,19944.0,63,46.389496717724285,20.787746170678336,38.759689922480625,22.22222222222222,,,59.518599562363235,54.366925064599485,
California State University-Fresno,United States,63,25.5,6980.0,18860.0,18650.0,,,18860.0,63,46.389496717724285,15.973741794310722,38.759689922480625,17.571059431524546,,,61.44420131291028,56.22739018087856,
California State University-Fullerton,United States,63,25.5,7073.0,18953.0,16767.0,,,18953.0,63,46.389496717724285,16.849015317286653,38.759689922480625,18.6046511627907,,,61.094091903719914,55.81395348837209,
California State University-East Bay,United States,63,25.5,7055.0,18935.0,22803.0,,,18935.0,63,46.389496717724285,16.630196936542667,38.759689922480625,18.34625322997416,,,61.18161925601751,55.91731266149871,
California State University-Long Beach,United States,63,25.5,7008.0,18888.0,20310.0,,,18888.0,63,46.389496717724285,16.192560175054705,38.759689922480625,17.829457364341085,,,61.35667396061268,56.12403100775194,
California State University-Northridge,United States,63,25.5,7095.0,18975.0,20317.0,,,18975.0,63,46.389496717724285,17.067833698030636,38.759689922480625,18.863049095607234,,,61.006564551422315,55.71059431524549,
California State University-Sacramento,United States,63,25.5,7602.0,19482.0,22714.0,,,19482.0,63,46.389496717724285,19.25601750547046,38.759689922480625,20.930232558139537,,,60.131291028446384,54.883720930232556,
University of California-Berkeley,United States,4,68.9,14850.0,45627.0,42708.0,,,45627.0,4,97.81181619256017,82.05689277899344,97.41602067183463,79.06976744186046,,,65.86433260393872,66.82170542635659,
University of California-Davis,United States,42,32.5,15247.0,46024.0,38067.0,,,46024.0,42,65.86433260393873,82.93216630196937,61.49870801033591,80.10335917312662,,,46.34573304157549,44.857881136950894,
University of California-Irvine,United States,48,30.6,14237.0,45014.0,36121.0,,,45014.0,48,63.89496717724289,81.61925601750546,59.17312661498708,78.55297157622739,,,45.689277899343544,44.08268733850129,
University of California-Los Angeles,United States,12,51.9,13747.0,44524.0,36643.0,,,44524.0,12,87.30853391684902,80.30634573304157,85.27131782945736,77.00258397932816,,,60.26258205689278,60.361757105943155,
University of California-Riverside,United States,69,23.7,14170.0,44947.0,34975.0,,,44947.0,69,37.85557986870897,81.4004376367615,28.68217054263566,78.29457364341084,,,30.153172866520784,25.891472868217058,
University of California-San Diego,United States,19,42.1,15265.0,46042.0,36325.0,,,46042.0,19,82.93216630196937,83.15098468271334,80.62015503875969,80.36175710594316,,,56.49890590809629,56.22739018087855,
University of California-Santa Barbara,United States,43,32.2,14965.0,45742.0,36776.0,,,45742.0,43,65.42669584245077,82.27571115973743,60.98191214470285,79.32816537467701,,,46.34573304157549,44.8578811369509,
University of California-Santa Cruz,United States,43,32.2,14560.0,45337.0,38649.0,,,45337.0,43,65.42669584245077,81.83807439824945,60.98191214470285,78.81136950904393,,,46.52078774617068,45.064599483204134,
Chapman University,United States,201,14.9,62784.0,62784.0,81327.0,,,62784.0,201,30.196936542669583,95.62363238512035,21.705426356589147,94.83204134366925,,,19.868708971553612,15.09043927648579,
Dominican University of California,United States,42,32.5,50666.0,50666.0,68620.0,,,50666.0,42,65.86433260393873,86.2144420131291,61.49870801033591,83.72093023255815,,,45.0328227571116,43.410852713178286,
University of La Verne,United States,151,18.4,47000.0,47000.0,61564.0,,,47000.0,151,31.947483588621445,84.02625820568927,22.22222222222222,81.3953488372093,,,25.557986870897157,20.775193798449614,
La Sierra University,United States,401,2.9,35910.0,35910.0,49365.0,,,35910.0,401,16.849015317286653,62.36323851203501,13.436692506459949,57.105943152454785,,,25.164113785557987,25.219638242894057,
National University,United States,31,36.2,13320.0,13320.0,37116.0,,,13320.0,31,75.92997811816193,4.3763676148796495,72.60981912144703,5.167958656330749,,,83.80743982494529,81.49870801033592,
University of the Pacific,United States,46,31.2,55340.0,55340.0,68173.0,,,55340.0,46,64.77024070021882,90.15317286652079,60.20671834625323,88.37209302325581,,,42.800875273522976,40.775193798449614,
Pepperdine University,United States,39,33.5,66742.0,66742.0,85202.0,,,66742.0,39,70.02188183807439,99.34354485776805,66.1498708010336,99.2248062015504,,,42.27571115973742,40.00000000000001,
University of Redlands,United States,301,12.2,57614.0,57614.0,70233.0,,,57614.0,301,22.975929978118163,91.90371991247265,16.27906976744186,90.43927648578811,,,17.024070021881837,13.591731266149871,
San Diego State University,United States,52,28.8,8290.0,20170.0,27357.0,,,20170.0,52,63.01969365426696,21.88183807439825,58.39793281653747,22.997416020671835,,,69.05908096280088,65.83979328165375,
University of San Diego,United States,301,12.2,56444.0,56444.0,74879.0,,,56444.0,301,22.975929978118163,90.80962800875274,16.27906976744186,89.14728682170544,,,17.461706783369802,14.108527131782942,
San Francisco State University,United States,63,25.5,7424.0,19304.0,25258.0,,,19304.0,63,46.389496717724285,18.818380743982495,38.759689922480625,20.41343669250646,,,60.30634573304158,55.090439276485796,
University of San Francisco,United States,15,46.2,58222.0,58222.0,76421.0,,,58222.0,15,84.24507658643327,92.99781181619255,81.65374677002583,91.7312661498708,,,53.34792122538294,52.29974160206718,
San Jose State University,United States,401,4.1,7992.0,19872.0,25695.0,,,19872.0,401,16.849015317286653,20.568927789934357,13.436692506459949,21.963824289405682,,,41.88183807439825,39.2764857881137,
Santa Clara University,United States,201,14.3,59241.0,59241.0,77768.0,,,59241.0,201,30.196936542669583,93.43544857768052,21.705426356589147,92.24806201550388,,,20.743982494529543,16.124031007751938,
Sonoma State University,United States,52,28.8,8190.0,20070.0,24739.0,,,20070.0,52,63.01969365426696,21.2253829321663,58.39793281653747,22.48062015503876,,,69.32166301969366,66.04651162790697,
Vanguard University of Southern California,United States,46,31.2,39950.0,39950.0,50178.0,,,39950.0,46,64.77024070021882,72.64770240700219,60.20671834625323,67.95865633074936,,,49.803063457330424,48.940568475452196,
University of Southern California,United States,46,31.2,68237.0,68237.0,84678.0,,,68237.0,46,64.77024070021882,100.0,60.20671834625323,100.0,,,38.862144420131294,36.12403100775194,
Ashford University,United States,2,76.3,13160.0,13160.0,30866.0,,,13160.0,2,99.12472647702407,4.157549234135667,98.96640826873386,4.909560723514212,,,97.81181619256017,97.41602067183462,
Stanford University,United States,2,76.3,62484.0,62484.0,82162.0,,,62484.0,2,99.12472647702407,95.40481400437638,98.96640826873386,94.57364341085271,,,61.31291028446388,61.55038759689923,
University of Massachusetts Global,United States,301,12.5,12520.0,12520.0,33365.0,,,12520.0,301,22.975929978118163,3.50109409190372,16.27906976744186,4.1343669250646,,,52.38512035010941,48.11369509043928,
California State University-San Marcos,United States,63,25.5,7739.0,19619.0,21144.0,,,19619.0,63,46.389496717724285,19.474835886214443,38.759689922480625,21.188630490956072,,,60.0437636761488,54.78036175710595,
University of California-Merced,United States,4,68.9,14167.0,44944.0,37098.0,,,44944.0,4,97.81181619256017,81.1816192560175,97.41602067183463,78.0361757105943,,,66.2144420131291,67.23514211886305,
Westcliff University,United States,201,16.2,21000.0,21000.0,35995.0,,,21000.0,201,30.196936542669583,25.164113785557984,21.705426356589147,25.32299741602067,,,48.05251641137856,42.89405684754522,
Reach University,United States,61,26.1,12374.0,12374.0,24225.0,,,12374.0,61,49.23413566739606,3.282275711159737,42.11886304909561,3.875968992248062,,,68.22757111597375,63.720930232558146,
Adelphi University,United States,10,54.1,47290.0,47290.0,57444.0,,,47290.0,10,93.43544857768052,84.46389496717724,92.50645994832041,81.91214470284238,,,62.27571115973741,62.73901808785529,
Alfred University,United States,10,54.1,39530.0,39530.0,54516.0,,,39530.0,10,93.43544857768052,70.45951859956236,92.50645994832041,65.89147286821705,,,67.87746170678336,69.14728682170542,
Canisius University,United States,201,16.2,32720.0,32720.0,42271.0,,,32720.0,201,30.196936542669583,52.735229759299784,21.705426356589147,48.57881136950905,,,37.02407002188184,33.59173126614987,
Clarkson University,United States,40,33.2,57950.0,57950.0,76451.0,,,57950.0,40,68.27133479212254,92.12253829321662,64.08268733850129,90.69767441860465,,,44.11378555798687,42.17054263565891,
Colgate University,United States,7,60.4,67024.0,67024.0,83650.0,,,67024.0,7,96.06126914660832,99.78118161925602,95.60723514211887,99.74160206718346,,,57.72428884026258,57.46770025839793,
Cornell University,United States,11,52.8,66014.0,66014.0,83196.0,,,66014.0,11,88.40262582056893,98.90590809628009,86.56330749354005,98.70801033591732,,,53.479212253829324,52.4547803617571,
D'Youville  University,United States,10,54.1,33560.0,33560.0,42512.0,,,33560.0,10,93.43544857768052,55.36105032822757,92.50645994832041,50.3875968992248,,,73.91684901531728,75.34883720930233,
Daemen University,United States,201,14.9,33724.0,33724.0,44232.0,,,33724.0,201,30.196936542669583,56.455142231947484,21.705426356589147,51.42118863049095,,,35.53610503282276,32.45478036175711,
Fordham University,United States,201,14.9,61992.0,61992.0,77351.0,,,61992.0,201,30.196936542669583,94.9671772428884,21.705426356589147,94.05684754521964,,,20.13129102844639,15.400516795865633,
Hofstra University,United States,52,28.8,55450.0,55450.0,68298.0,,,55450.0,52,63.01969365426696,90.37199124726477,58.39793281653747,88.63049095607235,,,41.66301969365426,39.58656330749354,
Iona University,United States,31,36.2,45880.0,45880.0,57336.0,,,45880.0,31,75.92997811816193,82.71334792122538,72.60981912144703,79.84496124031007,,,52.472647702407,51.627906976744185,
Long Island University,United States,2,76.3,41642.0,41642.0,52419.0,,,41642.0,2,99.12472647702407,75.92997811816193,98.96640826873386,71.83462532299741,,,69.10284463894966,70.64599483204134,
Mercy University,United States,57,27.3,22106.0,22106.0,32391.0,,,22106.0,57,54.92341356673961,29.321663019693656,48.837209302325576,28.68217054263566,,,61.225382932166305,57.82945736434108,
University of Mount Saint Vincent,United States,41,32.9,42740.0,42740.0,50617.0,,,42740.0,41,66.3019693654267,77.24288840262582,61.75710594315246,73.38501291989664,,,48.88402625820569,47.70025839793282,
Nazareth University,United States,10,54.1,40880.0,40880.0,56140.0,,,40880.0,10,93.43544857768052,74.39824945295405,92.50645994832041,70.02583979328165,,,66.30196936542669,67.49354005167959,
New York University,United States,22,40.2,60438.0,60438.0,79121.0,,,60438.0,22,81.83807439824945,94.09190371991247,79.32816537467701,93.02325581395348,,,51.46608315098468,50.38759689922482,
Niagara University,United States,401,3.8,38135.0,38135.0,50174.0,,,38135.0,401,16.849015317286653,67.39606126914661,13.436692506459949,62.532299741602074,,,23.150984682713347,23.049095607235138,
New York Institute of Technology,United States,72,22.8,44360.0,44360.0,53625.0,,,44360.0,72,37.199124726477024,79.54048140043764,27.906976744186046,76.09819121447028,,,30.503282275711157,26.304909560723516,
Pace University,United States,10,54.1,51424.0,51424.0,68092.0,,,51424.0,10,93.43544857768052,87.74617067833698,92.50645994832041,85.52971576227391,,,60.962800875273516,61.291989664082685,
Roberts Wesleyan University,United States,24,39.1,37504.0,37504.0,49621.0,,,37504.0,24,81.1816192560175,65.64551422319475,78.81136950904393,60.46511627906976,,,62.450765864332595,63.100775193798455,
Rochester Institute of Technology,United States,72,22.8,57016.0,57016.0,71714.0,,,57016.0,72,37.199124726477024,91.2472647702407,27.906976744186046,89.66408268733849,,,25.820568927789935,20.87855297157623,
University of Rochester,United States,60,26.4,64348.0,64348.0,82600.0,,,64348.0,60,49.671772428884026,96.93654266958424,42.63565891472868,96.38242894056847,,,31.028446389496718,27.02842377260982,
St Bonaventure University,United States,401,7.1,40150.0,40150.0,55265.0,,,40150.0,401,16.849015317286653,73.30415754923413,13.436692506459949,68.73385012919897,,,20.78774617067834,20.56847545219638,
St Lawrence University,United States,201,14.3,63870.0,63870.0,79665.0,,,63870.0,201,30.196936542669583,96.49890590809628,21.705426356589147,95.8656330749354,,,19.51859956236324,14.677002583979327,
St. John Fisher University,United States,14,47.8,39666.0,39666.0,52514.0,,,39666.0,14,84.9015317286652,71.55361050328227,82.42894056847545,66.9250645994832,,,62.31947483588621,62.68733850129199,
University at Albany,United States,301,12.5,10408.0,28998.0,28490.0,,,28998.0,301,22.975929978118163,44.42013129102845,16.27906976744186,42.377260981912144,,,36.01750547045952,32.81653746770026,
Binghamton University,United States,401,5.0,10363.0,29453.0,29657.0,,,29453.0,401,16.849015317286653,45.29540481400438,13.436692506459949,43.41085271317829,,,31.99124726477024,30.697674418604652,
University at Buffalo,United States,401,5.9,10782.0,30572.0,29043.0,,,30572.0,401,16.849015317286653,48.14004376367615,13.436692506459949,45.47803617571059,,,30.853391684901535,29.870801033591732,
Stony Brook University,United States,40,33.2,10560.0,30350.0,29174.0,,,30350.0,40,68.27133479212254,47.26477024070022,64.08268733850129,44.70284237726098,,,62.056892778993436,60.56847545219638,
SUNY Buffalo State University,United States,52,28.8,8486.0,18906.0,23171.0,,,18906.0,52,63.01969365426696,16.411378555798688,58.39793281653747,18.087855297157624,,,71.24726477024069,67.80361757105942,
Empire State University,United States,52,28.8,7630.0,17540.0,18221.0,,,17540.0,52,63.01969365426696,13.566739606126916,58.39793281653747,15.245478036175712,,,72.38512035010942,68.9405684754522,
Syracuse University,United States,10,54.1,63061.0,63061.0,80396.0,,,63061.0,10,93.43544857768052,95.84245076586433,92.50645994832041,95.09043927648578,,,57.72428884026258,57.46770025839793,
Touro University,United States,57,27.3,21810.0,21810.0,37824.0,,,21810.0,57,54.92341356673961,28.44638949671772,48.837209302325576,27.648578811369507,,,61.57549234135668,58.24289405684755,
Utica University,United States,61,26.1,24308.0,24308.0,36845.0,,,24308.0,61,49.23413566739606,34.57330415754923,42.11886304909561,33.850129198966414,,,55.711159737417944,51.7312661498708,
Angelo State University,United States,52,28.8,8319.0,18399.0,21625.0,,,18399.0,52,63.01969365426696,14.660831509846828,58.39793281653747,16.27906976744186,,,71.94748358862145,68.52713178294573,
Baylor University,United States,401,3.8,54844.0,54844.0,70130.0,,,54844.0,401,16.849015317286653,89.71553610503283,13.436692506459949,87.85529715762273,,,14.22319474835886,12.919896640826877,
Dallas Baptist University,United States,201,14.3,38140.0,38140.0,49343.0,,,38140.0,201,30.196936542669583,67.6148796498906,21.705426356589147,62.7906976744186,,,31.072210065645514,27.906976744186046,
University of Dallas,United States,401,2.3,50880.0,50880.0,64752.0,,,50880.0,401,16.849015317286653,86.65207877461707,13.436692506459949,84.23772609819122,,,15.448577680525165,14.366925064599481,
Hardin-Simmons University,United States,6,66.7,31686.0,31686.0,45059.0,,,31686.0,6,96.93654266958424,51.203501094091905,96.64082687338501,47.54521963824289,,,77.68052516411377,78.96640826873386,
Houston Christian University,United States,40,33.2,38100.0,38100.0,47605.0,,,38100.0,40,68.27133479212254,67.17724288840262,64.08268733850129,62.273901808785524,,,54.09190371991248,53.54005167958656,
University of Houston-Clear Lake,United States,401,2.3,7746.0,21330.0,23788.0,,,21330.0,401,16.849015317286653,26.477024070021884,13.436692506459949,26.614987080103358,,,39.518599562363235,37.41602067183463,
University of Houston-Downtown,United States,21,41.0,7708.0,17788.0,23017.0,,,17788.0,21,82.71334792122538,13.785557986870897,80.36175710594316,15.503875968992247,,,84.11378555798686,82.01550387596899,
University of Houston-Victoria,United States,21,41.0,7499.0,17291.0,21179.0,,,17291.0,21,82.71334792122538,12.472647702407002,80.36175710594316,13.953488372093023,,,84.63894967177242,82.63565891472868,
University of Houston,United States,401,5.9,9711.0,22191.0,25056.0,,,22191.0,401,16.849015317286653,29.75929978118162,13.436692506459949,29.198966408268735,,,38.20568927789934,36.382428940568474,
University of the Incarnate Word,United States,201,13.1,35660.0,35660.0,45850.0,,,35660.0,201,30.196936542669583,61.70678336980306,21.705426356589147,56.33074935400517,,,33.435448577680525,30.490956072351423,
Lamar University,United States,201,14.3,8690.0,18482.0,21626.0,,,18482.0,201,30.196936542669583,14.87964989059081,21.705426356589147,16.5374677002584,,,52.16630196936542,46.40826873385013,
LeTourneau University,United States,11,52.8,35500.0,35500.0,48206.0,,,35500.0,11,88.40262582056893,60.61269146608315,86.56330749354005,55.03875968992248,,,68.7964989059081,69.92248062015504,
Lubbock Christian University,United States,40,33.2,27298.0,27298.0,40493.0,,,27298.0,40,68.27133479212254,40.0437636761488,64.08268733850129,38.759689922480625,,,64.945295404814,62.945736434108525,
University of Mary Hardin-Baylor,United States,62,25.8,33150.0,33150.0,45235.0,,,33150.0,62,47.26477024070022,54.26695842450766,39.79328165374677,49.35400516795866,,,46.65207877461707,44.1343669250646,
McMurry University,United States,57,27.3,31372.0,31372.0,43087.0,,,31372.0,57,54.92341356673961,50.32822757111597,48.837209302325576,46.770025839793284,,,52.82275711159738,50.59431524547803,
Midwestern State University,United States,73,22.5,10310.0,12260.0,22411.0,,,12260.0,73,34.79212253829322,2.8446389496717726,25.064599483204137,3.359173126614987,,,59.737417943107225,53.695090439276484,
University of North Texas,United States,74,22.2,11164.0,21244.0,25470.0,,,21244.0,74,32.60393873085339,25.82056892778993,22.48062015503876,25.839793281653744,,,49.23413566739606,43.152454780361765,
Rice University,United States,61,26.1,58128.0,58128.0,74110.0,,,58128.0,61,49.23413566739606,92.77899343544857,42.11886304909561,91.47286821705426,,,32.42888402625821,28.68217054263566,
Saint Edward's University,United States,401,4.1,51384.0,51384.0,64975.0,,,51384.0,401,16.849015317286653,87.527352297593,13.436692506459949,85.27131782945736,,,15.098468271334792,13.953488372093027,
University of St Thomas,United States,301,11.0,33660.0,33660.0,44151.0,,,33660.0,301,22.975929978118163,56.01750547045952,16.27906976744186,50.90439276485789,,,31.37855579868709,29.40568475452196,
Sam Houston State University,United States,52,28.8,9228.0,19020.0,24517.0,,,19020.0,52,63.01969365426696,17.505470459518598,58.39793281653747,19.379844961240313,,,70.80962800875274,67.28682170542635,
Schreiner University,United States,61,26.1,37396.0,37396.0,46294.0,,,37396.0,61,49.23413566739606,64.77024070021882,42.11886304909561,59.43152454780362,,,43.63238512035011,41.49870801033592,
St. Mary's University,United States,57,27.3,36242.0,36242.0,46368.0,,,36242.0,57,54.92341356673961,63.23851203501094,48.837209302325576,57.88113695090439,,,47.65864332603939,46.149870801033586,
Southern Methodist University,United States,14,47.8,64460.0,64460.0,82532.0,,,64460.0,14,84.9015317286652,97.15536105032822,82.42894056847545,96.64082687338501,,,52.078774617067836,50.80103359173127,
Southwestern University,United States,24,39.1,51058.0,51058.0,63645.0,,,51058.0,24,81.1816192560175,86.87089715536105,78.81136950904393,84.49612403100775,,,53.960612691466075,53.48837209302326,
Stephen F Austin State University,United States,65,24.9,10600.0,20680.0,24231.0,,,20680.0,65,40.48140043763676,23.194748358862142,31.782945736434108,24.031007751937985,,,55.010940919037196,49.457364341085274,
Texas State University,United States,52,28.8,11450.0,23210.0,26348.0,,,23210.0,52,63.01969365426696,32.38512035010941,58.39793281653747,31.782945736434108,,,64.8577680525164,62.32558139534884,
Sul Ross State University,United States,52,28.8,7592.0,17384.0,23759.0,,,17384.0,52,63.01969365426696,13.129102844638949,58.39793281653747,14.728682170542637,,,72.56017505470459,69.14728682170542,
Tarleton State University,United States,63,25.5,7878.0,17958.0,22981.0,,,17958.0,63,46.389496717724285,14.00437636761488,38.759689922480625,15.762273901808785,,,62.23194748358861,56.95090439276487,
The University of Texas at Arlington,United States,38,33.8,11728.0,29660.0,25265.0,,,29660.0,38,72.21006564551422,45.951859956236326,68.73385012919897,43.927648578811365,,,64.945295404814,63.669250645994836,
The University of Texas at Austin,United States,38,33.8,11678.0,42778.0,29842.0,,,42778.0,38,72.21006564551422,77.4617067833698,68.73385012919897,73.64341085271317,,,52.34135667396061,51.782945736434115,
The University of Texas at Dallas,United States,38,33.8,14564.0,40064.0,28210.0,,,40064.0,38,72.21006564551422,73.08533916849015,68.73385012919897,68.47545219638242,,,54.09190371991247,53.850129198966414,
The University of Texas at El Paso,United States,38,33.8,9744.0,25512.0,19327.0,,,25512.0,38,72.21006564551422,36.98030634573304,68.73385012919897,35.65891472868217,,,68.53391684901533,66.97674418604652,
The University of Texas at Tyler,United States,38,33.8,9920.0,25198.0,23669.0,,,25198.0,38,72.21006564551422,36.542669584245075,68.73385012919897,35.14211886304909,,,68.7089715536105,67.18346253229974,
Texas Christian University,United States,401,6.2,57220.0,57220.0,72778.0,,,57220.0,401,16.849015317286653,91.46608315098467,13.436692506459949,89.92248062015504,,,13.522975929978122,12.093023255813954,
Texas Lutheran University,United States,24,39.1,34920.0,34920.0,47548.0,,,34920.0,24,81.1816192560175,59.29978118161926,78.81136950904393,53.746770025839794,,,64.98905908096279,65.78811369509043,
The University of Texas Permian Basin,United States,38,33.8,10904.0,23212.0,21727.0,,,23212.0,38,72.21006564551422,32.60393873085339,68.73385012919897,32.041343669250644,,,70.28446389496717,68.42377260981912,
The University of Texas at San Antonio,United States,38,33.8,8991.0,21965.0,21474.0,,,21965.0,38,72.21006564551422,28.88402625820569,68.73385012919897,28.165374677002585,,,71.77242888402625,69.97416020671835,
Texas Southern University,United States,24,39.1,9173.0,21773.0,24899.0,,,21773.0,24,81.1816192560175,28.227571115973742,78.81136950904393,27.39018087855297,,,77.41794310722099,76.33074935400518,
Texas Tech University,United States,201,16.0,11852.0,24451.0,27472.0,,,24451.0,201,30.196936542669583,35.010940919037196,21.705426356589147,34.10852713178294,,,44.11378555798687,39.37984496124031,
Texas Wesleyan University,United States,401,4.1,37934.0,37934.0,50619.0,,,37934.0,401,16.849015317286653,66.52078774617067,13.436692506459949,61.49870801033591,,,23.501094091903724,23.462532299741603,
Texas Woman's University,United States,401,4.1,8648.0,18720.0,20399.0,,,18720.0,401,16.849015317286653,15.317286652078774,13.436692506459949,16.795865633074936,,,43.98249452954048,41.343669250645995,
Trinity University,United States,6,66.7,51352.0,51352.0,65774.0,,,51352.0,6,96.93654266958424,87.30853391684902,96.64082687338501,85.01291989664082,,,63.238512035010935,63.979328165374675,
Wayland Baptist University,United States,201,14.3,23186.0,23186.0,34762.0,,,23186.0,201,30.196936542669583,31.947483588621445,21.705426356589147,31.266149870801037,,,45.33916849015317,40.51679586563308,
Strayer University-Texas,United States,401,2.9,13920.0,13920.0,23838.0,,,13920.0,401,16.849015317286653,5.142231947483589,13.436692506459949,6.072351421188631,,,48.052516411378555,45.63307493540052,
University of North Texas at Dallas,United States,38,33.8,9590.0,22189.0,21003.0,,,22189.0,38,72.21006564551422,29.540481400437635,68.73385012919897,28.940568475452196,,,71.50984682713349,69.6640826873385,
Barry University,United States,401,3.8,33450.0,33450.0,48300.0,,,33450.0,401,16.849015317286653,55.032822757111596,13.436692506459949,50.0,,,28.096280087527354,28.06201550387597,
Lynn University,United States,10,54.1,42950.0,42950.0,60817.0,,,42950.0,10,93.43544857768052,77.89934354485777,92.50645994832041,74.16020671834626,,,64.9015317286652,65.83979328165374,
University of Central Florida,United States,58,27.0,6368.0,22467.0,22819.0,,,22467.0,58,51.64113785557986,30.85339168490153,44.96124031007752,29.97416020671835,,,58.643326039387304,54.987080103359176,
Edward Waters University,United States,201,16.0,14878.0,14878.0,26973.0,,,14878.0,201,30.196936542669583,6.564551422319474,21.705426356589147,7.751937984496124,,,55.49234135667396,49.92248062015504,
Florida Atlantic University,United States,52,28.8,4879.0,17324.0,21054.0,,,17324.0,52,63.01969365426696,12.800875273522976,58.39793281653747,14.34108527131783,,,72.69146608315098,69.30232558139534,
AdventHealth University,United States,401,4.1,20880.0,20880.0,38194.0,,,20880.0,401,16.849015317286653,24.72647702407002,13.436692506459949,25.064599483204137,,,40.21881838074398,38.03617571059432,
Florida Institute of Technology,United States,72,22.8,44360.0,44360.0,60387.0,,,44360.0,72,37.199124726477024,79.54048140043764,27.906976744186046,76.09819121447028,,,30.503282275711157,26.304909560723516,
Florida Memorial University,United States,401,7.4,19110.0,19110.0,31940.0,,,19110.0,401,16.849015317286653,18.38074398249453,13.436692506459949,19.896640826873384,,,42.757111597374184,40.10335917312662,
Florida State University,United States,52,28.8,5656.0,18786.0,23683.0,,,18786.0,52,63.01969365426696,15.536105032822759,58.39793281653747,17.05426356589147,,,71.59737417943107,68.2170542635659,
University of Florida,United States,58,27.0,6381.0,28659.0,21719.0,,,28659.0,58,51.64113785557986,43.32603938730853,44.96124031007752,41.343669250645995,,,53.6542669584245,50.43927648578811,
Full Sail University,United States,401,2.9,26417.0,26417.0,39814.0,,,26417.0,401,16.849015317286653,38.29321663019694,13.436692506459949,36.95090439276486,,,34.79212253829321,33.281653746770026,
Jacksonville University,United States,11,52.8,46180.0,46180.0,61414.0,,,46180.0,11,88.40262582056893,83.36980306345733,86.56330749354005,80.62015503875969,,,59.69365426695843,59.689922480620154,
University of Miami,United States,70,23.4,59926.0,59926.0,77708.0,,,59926.0,70,37.63676148796499,93.6542669584245,28.42377260981912,92.50645994832041,,,25.120350109409195,20.051679586563306,
University of North Florida,United States,58,27.0,6389.0,20793.0,20229.0,,,20793.0,58,51.64113785557986,24.070021881838073,44.96124031007752,24.54780361757106,,,61.35667396061269,57.157622739018095,
Nova Southeastern University,United States,24,39.1,37080.0,37080.0,55647.0,,,37080.0,24,81.1816192560175,64.33260393873084,78.81136950904393,58.91472868217055,,,62.97592997811816,63.72093023255813,
Saint Leo University,United States,10,54.1,28360.0,28360.0,41727.0,,,28360.0,10,93.43544857768052,42.01312910284464,92.50645994832041,40.56847545219638,,,79.25601750547045,79.27648578811369,
University of South Florida,United States,58,27.0,6410.0,17324.0,22301.0,,,17324.0,58,51.64113785557986,12.800875273522976,44.96124031007752,14.34108527131783,,,65.86433260393872,61.24031007751938,
St. Thomas University,United States,40,33.2,34770.0,34770.0,49762.0,,,34770.0,40,68.27133479212254,58.86214442013129,64.08268733850129,53.229974160206716,,,57.41794310722101,57.15762273901809,
Stetson University,United States,40,33.2,55220.0,55220.0,69807.0,,,55220.0,40,68.27133479212254,89.93435448577681,64.08268733850129,88.11369509043928,,,44.9890590809628,43.20413436692506,
Southeastern University,United States,24,39.1,31732.0,31732.0,43803.0,,,31732.0,24,81.1816192560175,51.42231947483589,78.81136950904393,47.80361757105943,,,68.14004376367615,68.16537467700257,
The University of Tampa,United States,50,30.0,33424.0,33424.0,49841.0,,,33424.0,50,63.67614879649891,54.70459518599562,58.91472868217055,49.6124031007752,,,56.32385120350109,55.50387596899225,
University of West Florida,United States,58,27.0,6360.0,19241.0,18504.0,,,19241.0,58,51.64113785557986,18.599562363238512,44.96124031007752,20.155038759689923,,,63.544857768052516,58.91472868217055,
Everglades University,United States,401,6.2,20768.0,20768.0,36311.0,,,20768.0,401,16.849015317286653,23.851203501094094,13.436692506459949,24.289405684754524,,,40.56892778993436,38.34625322997416,
Ave Maria University,United States,1,100.0,28222.0,28222.0,43220.0,,,28222.0,1,100.0,41.79431072210066,100.0,40.310077519379846,,,83.28227571115974,83.87596899224806,
Ana G. Mendez University,United States,35,34.8,13575.0,13575.0,,,,13575.0,35,72.86652078774617,4.595185995623632,69.25064599483204,5.426356589147287,,,81.88183807439825,79.37984496124031,
University of Florida-Online,United States,58,27.0,3876.0,16579.0,17036.0,,,16579.0,58,51.64113785557986,10.284463894967178,44.96124031007752,11.886304909560723,,,66.87089715536105,62.22222222222223,
DeSales University,United States,10,54.1,44800.0,44800.0,59409.0,,,44800.0,10,93.43544857768052,80.96280087527352,92.50645994832041,77.77777777777779,,,63.67614879649891,64.39276485788113,
Alvernia University,United States,10,54.1,42810.0,42810.0,54650.0,,,42810.0,10,93.43544857768052,77.68052516411379,92.50645994832041,73.90180878552972,,,64.98905908096279,65.94315245478036,
Arcadia University,United States,1,100.0,48290.0,48290.0,61240.0,,,48290.0,1,100.0,85.33916849015317,100.0,82.68733850129199,,,65.86433260393873,66.9250645994832,
Bucknell University,United States,11,52.8,64772.0,64772.0,79956.0,,,64772.0,11,88.40262582056893,98.03063457330416,86.56330749354005,97.67441860465115,,,53.8293216630197,52.86821705426357,
Carlow University,United States,10,54.1,34502.0,34502.0,46864.0,,,34502.0,10,93.43544857768052,58.20568927789934,92.50645994832041,52.71317829457365,,,72.77899343544857,74.41860465116278,
Carnegie Mellon University,United States,35,34.8,63829.0,63829.0,80514.0,,,63829.0,35,72.86652078774617,96.2800875273523,69.25064599483204,95.60723514211887,,,45.20787746170678,43.307493540051674,
Chatham University,United States,201,14.9,43810.0,43810.0,56981.0,,,43810.0,201,30.196936542669583,78.7746170678337,21.705426356589147,75.1937984496124,,,26.608315098468267,22.94573643410853,
Drexel University,United States,28,37.5,60663.0,60663.0,75167.0,,,60663.0,28,76.80525164113786,94.31072210065645,73.64341085271317,93.28165374677002,,,48.35886214442013,46.87338501291989,
Duquesne University,United States,28,37.5,47146.0,47146.0,63042.0,,,47146.0,28,76.80525164113786,84.24507658643327,73.64341085271317,81.65374677002583,,,52.3851203501094,51.524547803617565,
East Stroudsburg University of Pennsylvania,United States,13,48.4,11036.0,19002.0,24369.0,,,19002.0,13,87.08971553610503,17.286652078774615,85.01291989664082,19.12144702842377,,,85.33916849015318,83.35917312661499,
Eastern University,United States,401,2.9,37420.0,37420.0,53293.0,,,37420.0,401,16.849015317286653,65.20787746170679,13.436692506459949,59.9483204134367,,,24.026258205689278,24.08268733850129,
Gannon University,United States,401,3.8,37951.0,37951.0,51236.0,,,37951.0,401,16.849015317286653,66.95842450765865,13.436692506459949,62.01550387596899,,,23.326039387308533,23.255813953488374,
Gwynedd Mercy University,United States,57,27.3,38310.0,38310.0,53359.0,,,38310.0,57,54.92341356673961,68.27133479212254,48.837209302325576,63.30749354005169,,,45.64551422319475,43.97932816537467,
Holy Family University,United States,10,54.1,33968.0,33968.0,38965.0,,,33968.0,10,93.43544857768052,56.67396061269147,92.50645994832041,51.67958656330749,,,73.39168490153173,74.83204134366926,
Immaculata University,United States,56,27.6,28550.0,28550.0,45416.0,,,28550.0,56,56.236323851203494,42.88840262582057,50.3875968992248,41.08527131782946,,,56.58643326039387,53.7984496124031,
Indiana University of Pennsylvania-Main Campus,United States,13,48.4,11380.0,16297.0,26405.0,,,16297.0,13,87.08971553610503,9.62800875273523,85.01291989664082,11.369509043927648,,,88.40262582056893,86.45994832041345,
King's College,United States,33,35.6,42600.0,42600.0,56991.0,,,42600.0,33,73.52297592997812,77.02407002188184,69.76744186046511,73.1266149870801,,,53.304157549234134,52.609819121447025,
Kutztown University of Pennsylvania,United States,13,48.4,11230.0,16434.0,28876.0,,,16434.0,13,87.08971553610503,9.846827133479213,85.01291989664082,11.627906976744185,,,88.31509846827134,86.35658914728683,
La Salle University,United States,10,54.1,35570.0,35570.0,45046.0,,,35570.0,10,93.43544857768052,61.050328227571114,92.50645994832041,55.55555555555556,,,71.64113785557987,73.28165374677002,
Lehigh University,United States,39,33.5,62180.0,62180.0,77515.0,,,62180.0,39,70.02188183807439,95.18599562363238,66.1498708010336,94.31524547803618,,,43.93873085339168,41.96382428940569,
Lincoln University,United States,6,66.7,12512.0,19384.0,27358.0,,,19384.0,6,96.93654266958424,19.037199124726477,96.64082687338501,20.671834625322997,,,90.54704595185996,89.7157622739018,
Marywood University,United States,57,27.3,39570.0,39570.0,52673.0,,,39570.0,57,54.92341356673961,70.67833698030634,48.837209302325576,66.1498708010336,,,44.68271334792123,42.842377260981905,
Mercyhurst University,United States,57,27.3,44510.0,44510.0,57948.0,,,44510.0,57,54.92341356673961,80.0875273522976,48.837209302325576,76.74418604651163,,,40.91903719912473,38.604651162790695,
Messiah University,United States,401,6.2,40640.0,40640.0,53939.0,,,40640.0,401,16.849015317286653,74.17943107221006,13.436692506459949,69.76744186046511,,,20.437636761487965,20.155038759689923,
Millersville University of Pennsylvania,United States,13,48.4,12262.0,16232.0,27086.0,,,16232.0,13,87.08971553610503,9.409190371991247,85.01291989664082,11.11111111111111,,,88.49015317286651,86.56330749354005,
Misericordia University,United States,61,26.1,38370.0,38370.0,51023.0,,,38370.0,61,49.23413566739606,68.7089715536105,42.11886304909561,63.82428940568475,,,42.056892778993436,39.741602067183464,
Moravian University,United States,57,27.3,52000.0,52000.0,64260.0,,,52000.0,57,54.92341356673961,88.40262582056893,48.837209302325576,86.30490956072352,,,37.5929978118162,34.780361757105936,
Neumann University,United States,401,4.1,37300.0,37300.0,56670.0,,,37300.0,401,16.849015317286653,64.55142231947484,13.436692506459949,59.17312661498708,,,24.288840262582056,24.392764857881136,
Pennsylvania State University-Penn State Altoona,United States,65,24.9,15944.0,26668.0,31725.0,,,26668.0,65,40.48140043763676,39.606126914660834,31.782945736434108,38.24289405684754,,,48.44638949671772,43.77260981912145,
Pennsylvania State University-Penn State Berks,United States,65,24.9,15944.0,26668.0,31853.0,,,26668.0,65,40.48140043763676,39.606126914660834,31.782945736434108,38.24289405684754,,,48.44638949671772,43.77260981912145,
Pennsylvania State University-Penn State Harrisburg,United States,65,24.9,15944.0,26668.0,32029.0,,,26668.0,65,40.48140043763676,39.606126914660834,31.782945736434108,38.24289405684754,,,48.44638949671772,43.77260981912145,
Pennsylvania State University-Penn State Brandywine,United States,65,24.9,15180.0,25118.0,30201.0,,,25118.0,65,40.48140043763676,36.10503282275711,31.782945736434108,34.883720930232556,,,49.84682713347921,45.116279069767444,
Pennsylvania State University-Main Campus,United States,65,24.9,20234.0,40188.0,39160.0,,,40188.0,65,40.48140043763676,73.52297592997812,31.782945736434108,68.9922480620155,,,34.879649890590805,31.472868217054263,
Pennsylvania State University-Penn State Abington,United States,65,24.9,15240.0,25388.0,27516.0,,,25388.0,65,40.48140043763676,36.76148796498906,31.782945736434108,35.400516795865634,,,49.58424507658643,44.90956072351422,
University of Pennsylvania,United States,13,48.4,66104.0,66104.0,85738.0,,,66104.0,13,87.08971553610503,99.12472647702407,85.01291989664082,98.96640826873386,,,52.60393873085339,51.42118863049095,
University of Pittsburgh-Greensburg,United States,53,28.5,14630.0,26504.0,28514.0,,,26504.0,53,57.11159737417943,38.949671772428886,51.42118863049095,37.46770025839793,,,58.6870897155361,55.8656330749354,
University of Pittsburgh-Johnstown,United States,53,28.5,14646.0,26520.0,28501.0,,,26520.0,53,57.11159737417943,39.16849015317287,51.42118863049095,37.72609819121447,,,58.59956236323851,55.76227390180878,
University of Pittsburgh-Pittsburgh Campus,United States,53,28.5,21524.0,39890.0,36707.0,,,39890.0,53,57.11159737417943,72.42888402625822,51.42118863049095,67.70025839793283,,,45.29540481400437,43.77260981912144,
Point Park University,United States,22,40.2,38160.0,38160.0,50133.0,,,38160.0,22,81.83807439824945,67.83369803063457,79.32816537467701,63.04909560723514,,,61.969365426695845,62.37726098191215,
Robert Morris University,United States,301,9.2,34940.0,34940.0,51075.0,,,34940.0,301,22.975929978118163,59.51859956236324,16.27906976744186,54.00516795865633,,,29.9781181619256,28.165374677002585,
Saint Francis University,United States,2,76.3,41720.0,41720.0,57515.0,,,41720.0,2,99.12472647702407,76.14879649890591,98.96640826873386,72.09302325581395,,,69.01531728665208,70.54263565891473,
Saint Joseph's University,United States,401,4.1,51340.0,51340.0,65513.0,,,51340.0,401,16.849015317286653,87.08971553610503,13.436692506459949,84.75452196382429,,,15.273522975929978,14.160206718346254,
University of Scranton,United States,21,41.0,52309.0,52309.0,67795.0,,,52309.0,21,82.71334792122538,88.62144420131291,80.36175710594316,86.56330749354005,,,54.179431072210065,53.59173126614987,
Seton Hill University,United States,40,33.2,41414.0,41414.0,54634.0,,,41414.0,40,68.27133479212254,75.49234135667396,64.08268733850129,71.31782945736434,,,50.76586433260394,49.922480620155035,
Shippensburg University of Pennsylvania,United States,13,48.4,13544.0,15798.0,29480.0,,,15798.0,13,87.08971553610503,8.315098468271334,85.01291989664082,9.819121447028424,,,88.92778993435448,87.08010335917314,
Slippery Rock University of Pennsylvania,United States,13,48.4,10507.0,14615.0,24781.0,,,14615.0,13,87.08971553610503,6.3457330415754925,85.01291989664082,7.493540051679587,,,89.71553610503281,88.01033591731266,
Susquehanna University,United States,401,4.1,57400.0,57400.0,72563.0,,,57400.0,401,16.849015317286653,91.68490153172867,13.436692506459949,90.18087855297158,,,13.435448577680523,11.989664082687337,
Temple University,United States,10,54.1,22082.0,37462.0,39799.0,,,37462.0,10,93.43544857768052,65.42669584245077,92.50645994832041,60.20671834625323,,,69.89059080962801,71.42118863049096,
Villanova University,United States,56,27.6,64701.0,64701.0,80866.0,,,64701.0,56,56.236323851203494,97.59299781181619,50.3875968992248,97.1576227390181,,,34.704595185995615,31.369509043927643,
Waynesburg University,United States,401,4.1,29460.0,29460.0,42526.0,,,29460.0,401,16.849015317286653,45.51422319474836,13.436692506459949,43.669250645994836,,,31.90371991247265,30.594315245478036,
West Chester University of Pennsylvania,United States,13,48.4,10687.0,22511.0,27559.0,,,22511.0,13,87.08971553610503,31.072210065645518,85.01291989664082,30.23255813953488,,,79.82494529540482,78.91472868217053,
Widener University,United States,301,8.0,53638.0,53638.0,68305.0,,,53638.0,301,22.975929978118163,89.05908096280088,16.27906976744186,87.08010335917312,,,18.161925601750546,14.935400516795866,
Wilkes University,United States,10,54.1,42286.0,42286.0,56956.0,,,42286.0,10,93.43544857768052,76.80525164113786,92.50645994832041,72.86821705426357,,,65.33916849015317,66.35658914728683,
Strayer University-Pennsylvania,United States,13,48.4,13920.0,13920.0,23838.0,,,13920.0,13,87.08971553610503,5.142231947483589,85.01291989664082,6.072351421188631,,,90.19693654266959,88.57881136950905,
Pennsylvania State University-World Campus,United States,65,24.9,15204.0,15204.0,27938.0,,,15204.0,65,40.48140043763676,7.2210065645514225,31.782945736434108,8.527131782945736,,,61.40043763676148,55.65891472868217,
Commonwealth University of Pennsylvania,United States,13,48.4,11046.0,22870.0,25781.0,,,22870.0,13,87.08971553610503,31.50984682713348,85.01291989664082,30.749354005167955,,,79.64989059080963,78.70801033591731,
Pennsylvania Western University,United States,65,24.9,11388.0,16006.0,27618.0,,,16006.0,65,40.48140043763676,8.533916849015318,31.782945736434108,10.077519379844961,,,60.87527352297593,55.03875968992248,
Aurora University,United States,201,14.9,28220.0,28220.0,39232.0,,,28220.0,201,30.196936542669583,41.57549234135667,21.705426356589147,40.05167958656331,,,41.48796498905908,37.002583979328165,
Bradley University,United States,10,54.1,39680.0,39680.0,52730.0,,,39680.0,10,93.43544857768052,71.77242888402627,92.50645994832041,67.18346253229974,,,67.3522975929978,68.63049095607235,
Chicago State University,United States,52,28.8,12754.0,12754.0,30454.0,,,12754.0,52,63.01969365426696,3.938730853391685,58.39793281653747,4.651162790697675,,,76.23632385120351,73.17829457364341,
University of Chicago,United States,9,56.5,66939.0,66939.0,86856.0,,,66939.0,9,94.09190371991247,99.56236323851203,93.28165374677002,99.48320413436691,,,56.63019693654266,56.17571059431524,
DePaul University,United States,10,54.1,44460.0,44460.0,59467.0,,,44460.0,10,93.43544857768052,79.86870897155362,92.50645994832041,76.48578811369508,,,64.11378555798686,64.90956072351422,
Elmhurst University,United States,57,27.3,41628.0,41628.0,51829.0,,,41628.0,57,54.92341356673961,75.71115973741794,48.837209302325576,71.57622739018088,,,42.66958424507659,40.671834625322994,
Governors State University,United States,52,28.8,11320.0,11320.0,23076.0,,,11320.0,52,63.01969365426696,2.62582056892779,58.39793281653747,3.10077519379845,,,76.76148796498906,73.79844961240309,
University of Illinois Chicago,United States,9,56.5,14338.0,29360.0,26998.0,,,29360.0,9,94.09190371991247,44.85776805251641,93.28165374677002,42.89405684754522,,,78.5120350109409,78.81136950904391,
Benedictine University,United States,201,16.0,34290.0,34290.0,46548.0,,,34290.0,201,30.196936542669583,57.22100656455142,21.705426356589147,52.19638242894057,,,35.22975929978118,32.144702842377264,
University of Illinois Urbana-Champaign,United States,27,37.9,16004.0,34501.0,32134.0,,,34501.0,27,77.02407002188184,57.98687089715536,73.90180878552972,52.4547803617571,,,63.01969365426696,63.35917312661499,
Illinois Wesleyan University,United States,24,39.1,55704.0,55704.0,68399.0,,,55704.0,24,81.1816192560175,90.59080962800876,78.81136950904393,88.88888888888889,,,52.472647702406995,51.7312661498708,
Illinois Institute of Technology,United States,8,59.5,51763.0,51763.0,67720.0,,,51763.0,8,94.74835886214443,88.18380743982495,94.05684754521964,86.04651162790698,,,61.57549234135668,62.01550387596899,
Illinois State University,United States,52,28.8,16021.0,28086.0,32458.0,,,28086.0,52,63.01969365426696,41.13785557986871,58.39793281653747,39.53488372093023,,,61.35667396061269,59.224806201550386,
Lewis University,United States,10,54.1,37882.0,37882.0,45843.0,,,37882.0,10,93.43544857768052,66.3019693654267,92.50645994832041,61.240310077519375,,,69.54048140043763,71.0077519379845,
Loyola University Chicago,United States,9,56.5,51716.0,51716.0,64167.0,,,51716.0,9,94.09190371991247,87.96498905908096,93.28165374677002,85.78811369509044,,,61.26914660831509,61.65374677002583,
McKendree University,United States,401,7.1,34070.0,34070.0,47121.0,,,34070.0,401,16.849015317286653,56.89277899343544,13.436692506459949,51.93798449612403,,,27.352297592997814,27.28682170542636,
Millikin University,United States,56,27.6,26892.0,43670.0,41297.0,,,43670.0,56,56.236323851203494,78.55579868708972,50.3875968992248,74.93540051679587,,,42.319474835886204,40.258397932816536,
National Louis University,United States,63,25.5,12345.0,12345.0,25350.0,,,12345.0,63,46.389496717724285,3.063457330415755,38.759689922480625,3.6175710594315245,,,66.60831509846827,61.80878552971576,
North Park University,United States,401,2.6,35325.0,35325.0,42040.0,,,35325.0,401,16.849015317286653,59.95623632385121,13.436692506459949,54.263565891472865,,,26.12691466083151,26.356589147286822,
Northern Illinois University,United States,24,39.1,12700.0,12700.0,27214.0,,,12700.0,24,81.1816192560175,3.7199124726477026,78.81136950904393,4.3927648578811365,,,87.22100656455142,85.5297157622739,
Northwestern University,United States,24,39.1,65997.0,65997.0,87804.0,,,65997.0,24,81.1816192560175,98.6870897155361,78.81136950904393,98.44961240310077,,,49.23413566739605,47.906976744186046,
Northeastern Illinois University,United States,24,39.1,12383.0,22726.0,27208.0,,,22726.0,24,81.1816192560175,31.291028446389497,78.81136950904393,30.490956072351423,,,76.1925601750547,75.0904392764858,
Olivet Nazarene University,United States,401,7.1,37940.0,37940.0,50557.0,,,37940.0,401,16.849015317286653,66.73960612691467,13.436692506459949,61.75710594315246,,,23.413566739606125,23.359173126614984,
Quincy University,United States,61,26.1,35740.0,35740.0,45102.0,,,35740.0,61,49.23413566739606,61.925601750547045,42.11886304909561,56.58914728682171,,,44.77024070021882,42.63565891472868,
Roosevelt University,United States,401,7.1,20280.0,20280.0,48426.0,,,20280.0,401,16.849015317286653,22.100656455142232,13.436692506459949,23.25581395348837,,,41.2691466083151,38.75968992248062,
Dominican University,United States,7,60.4,37844.0,37844.0,44414.0,,,37844.0,7,96.06126914660832,66.08315098468272,95.60723514211887,60.98191214470285,,,71.2035010940919,72.97157622739019,
University of St Francis,United States,301,11.0,37000.0,37000.0,45375.0,,,37000.0,301,22.975929978118163,64.11378555798687,16.27906976744186,58.656330749354005,,,28.140043763676147,26.304909560723516,
Saint Xavier University,United States,401,2.9,36840.0,36840.0,42237.0,,,36840.0,401,16.849015317286653,63.89496717724289,13.436692506459949,58.39793281653747,,,24.551422319474838,24.702842377260982,
University of Illinois Springfield,United States,151,17.9,12252.0,22017.0,23643.0,,,22017.0,151,31.947483588621445,29.10284463894967,22.22222222222222,28.42377260981912,,,47.527352297593,41.96382428940568,
Western Illinois University,United States,24,39.1,14952.0,14952.0,27828.0,,,14952.0,24,81.1816192560175,6.783369803063458,78.81136950904393,8.010335917312661,,,85.9956236323851,84.0826873385013,
University of Akron Main Campus,United States,62,25.8,12799.0,17239.0,24555.0,,,17239.0,62,47.26477024070022,12.035010940919037,39.79328165374677,13.695090439276486,,,63.54485776805252,58.39793281653746,
Ashland University,United States,2,76.3,28910.0,28910.0,40519.0,,,28910.0,2,99.12472647702407,43.98249452954048,98.96640826873386,42.11886304909561,,,81.88183807439825,82.53229974160206,
Capital University,United States,56,27.6,41788.0,41788.0,54086.0,,,41788.0,56,56.236323851203494,76.36761487964989,50.3875968992248,72.3514211886305,,,43.194748358862135,41.291989664082685,
Case Western Reserve University,United States,64,25.2,64671.0,64671.0,81533.0,,,64671.0,64,40.70021881838075,97.3741794310722,32.041343669250644,96.89922480620154,,,25.470459518599565,20.46511627906977,
Cedarville University,United States,56,27.6,36078.0,36078.0,46994.0,,,36078.0,56,56.236323851203494,62.80087527352297,50.3875968992248,57.622739018087856,,,48.621444201312904,47.18346253229974,
Central State University,United States,63,25.5,7824.0,9824.0,22435.0,,,9824.0,63,46.389496717724285,1.75054704595186,38.759689922480625,2.0671834625323,,,67.13347921225383,62.428940568475454,
Cleveland State University,United States,73,22.5,12613.0,17973.0,26310.0,,,17973.0,73,34.79212253829322,14.22319474835886,25.064599483204137,16.020671834625322,,,55.18599562363239,48.63049095607235,
University of Dayton,United States,401,5.9,47600.0,47600.0,64310.0,,,47600.0,401,16.849015317286653,84.68271334792122,13.436692506459949,82.17054263565892,,,16.2363238512035,15.193798449612402,
Denison University,United States,39,33.5,64000.0,64000.0,76900.0,,,64000.0,39,70.02188183807439,96.71772428884027,66.1498708010336,96.12403100775194,,,43.326039387308526,41.24031007751939,
The University of Findlay,United States,58,27.0,39646.0,39646.0,52096.0,,,39646.0,58,51.64113785557986,71.11597374179432,44.96124031007752,66.40826873385012,,,42.53829321663019,40.413436692506465,
Franklin University,United States,39,33.5,9577.0,9577.0,29433.0,,,9577.0,39,70.02188183807439,1.5317286652078774,66.1498708010336,1.8087855297157622,,,81.4004376367615,78.96640826873386,
John Carroll University,United States,1,100.0,49100.0,49100.0,62943.0,,,49100.0,1,100.0,85.77680525164114,100.0,83.20413436692506,,,65.68927789934355,66.71834625322998,
Miami University-Oxford,United States,16,45.4,17809.0,40025.0,37218.0,,,40025.0,16,84.02625820568927,72.86652078774617,81.3953488372093,68.21705426356588,,,61.2691466083151,61.55038759689922,
University of Mount Union,United States,401,5.9,35400.0,35400.0,46890.0,,,35400.0,401,16.849015317286653,60.393873085339166,13.436692506459949,54.78036175710594,,,25.951859956236326,26.149870801033593,
Muskingum University,United States,31,36.2,31440.0,31440.0,44615.0,,,31440.0,31,75.92997811816193,50.54704595185996,72.60981912144703,47.02842377260982,,,65.33916849015317,64.75452196382429,
Ohio Northern University,United States,24,39.1,37800.0,37800.0,52484.0,,,37800.0,24,81.1816192560175,65.86433260393873,78.81136950904393,60.72351421188631,,,62.363238512035004,62.997416020671835,
Ohio State University-Main Campus,United States,52,28.8,12859.0,38365.0,29320.0,,,38365.0,52,63.01969365426696,68.49015317286651,58.39793281653747,63.565891472868216,,,50.415754923413566,49.6124031007752,
Ohio Wesleyan University,United States,52,28.8,52357.0,52357.0,66399.0,,,52357.0,52,63.01969365426696,88.8402625820569,58.39793281653747,86.82170542635659,,,42.27571115973741,40.310077519379846,
Otterbein University,United States,24,39.1,34899.0,34899.0,47865.0,,,34899.0,24,81.1816192560175,59.08096280087527,78.81136950904393,53.48837209302325,,,65.07658643326039,65.89147286821705,
Shawnee State University,United States,73,22.5,9622.0,16157.0,22190.0,,,16157.0,73,34.79212253829322,8.971553610503284,25.064599483204137,10.594315245478036,,,57.28665207877462,50.80103359173127,
Tiffin University,United States,201,16.2,32400.0,32400.0,45150.0,,,32400.0,201,30.196936542669583,52.29759299781181,21.705426356589147,48.320413436692505,,,37.199124726477024,33.69509043927649,
University of Toledo,United States,29,37.2,12377.0,21737.0,26190.0,,,21737.0,29,76.14879649890591,28.00875273522976,72.86821705426357,27.131782945736433,,,74.48577680525165,72.86821705426357,
Walsh University,United States,10,54.1,34595.0,34595.0,45817.0,,,34595.0,10,93.43544857768052,58.64332603938731,92.50645994832041,52.97157622739018,,,72.60393873085339,74.31524547803618,
Wittenberg University,United States,39,33.5,44602.0,44602.0,56353.0,,,44602.0,39,70.02188183807439,80.74398249452955,66.1498708010336,77.51937984496125,,,49.71553610503282,48.68217054263566,
Xavier University,United States,10,54.1,48125.0,48125.0,62293.0,,,48125.0,10,93.43544857768052,84.9015317286652,92.50645994832041,82.42894056847545,,,62.10065645514223,62.53229974160207,
Youngstown State University,United States,52,28.8,10791.0,11151.0,20028.0,,,11151.0,52,63.01969365426696,2.4070021881838075,58.39793281653747,2.842377260981912,,,76.84901531728664,73.90180878552971,
Albany State University,United States,63,25.5,5934.0,16656.0,20574.0,,,16656.0,63,46.389496717724285,10.50328227571116,38.759689922480625,12.144702842377262,,,63.63238512035011,58.39793281653748,
Point University,United States,39,33.5,22300.0,22300.0,34418.0,,,22300.0,39,70.02188183807439,30.63457330415755,66.1498708010336,29.71576227390181,,,69.75929978118162,67.80361757105943,
Clark Atlanta University,United States,63,25.5,26446.0,26446.0,40924.0,,,26446.0,63,46.389496717724285,38.7308533916849,38.759689922480625,37.2093023255814,,,52.341356673960604,48.372093023255815,
Clayton  State University,United States,63,25.5,5068.0,15790.0,17940.0,,,15790.0,63,46.389496717724285,8.096280087527353,38.759689922480625,9.560723514211885,,,64.59518599562364,59.43152454780362,
Columbus State University,United States,7,60.4,5751.0,16805.0,19953.0,,,16805.0,7,96.06126914660832,10.722100656455142,95.60723514211887,12.4031007751938,,,93.34792122538293,92.4031007751938,
Emory University,United States,57,27.3,60774.0,60774.0,78814.0,,,60774.0,57,54.92341356673961,94.52954048140045,48.837209302325576,93.54005167958657,,,35.14223194748359,31.886304909560717,
Fort Valley State University,United States,52,28.8,5392.0,16114.0,20342.0,,,16114.0,52,63.01969365426696,8.752735229759299,58.39793281653747,10.335917312661499,,,74.31072210065645,70.90439276485787,
Georgia Institute of Technology-Main Campus,United States,72,22.8,11764.0,32876.0,27797.0,,,32876.0,72,37.199124726477024,53.17286652078774,27.906976744186046,48.837209302325576,,,41.050328227571114,37.2093023255814,
Georgia Southwestern State University,United States,24,39.1,4980.0,15702.0,19234.0,,,15702.0,24,81.1816192560175,7.87746170678337,78.81136950904393,9.30232558139535,,,85.55798687089715,83.56589147286822,
Georgia College & State University,United States,52,28.8,8998.0,28178.0,27781.0,,,28178.0,52,63.01969365426696,41.35667396061269,58.39793281653747,39.79328165374677,,,61.2691466083151,59.12144702842377,
Georgia Southern University,United States,24,39.1,5905.0,16959.0,24563.0,,,16959.0,24,81.1816192560175,10.940919037199125,78.81136950904393,12.661498708010335,,,84.33260393873084,82.22222222222223,
Georgia State University,United States,52,28.8,8478.0,23709.0,26535.0,,,23709.0,52,63.01969365426696,34.13566739606127,58.39793281653747,33.33333333333333,,,64.15754923413566,61.70542635658915,
University of Georgia,United States,58,27.0,11180.0,30220.0,27436.0,,,30220.0,58,51.64113785557986,46.82713347921225,44.96124031007752,44.44444444444444,,,52.25382932166302,49.19896640826874,
Mercer University,United States,61,26.1,40890.0,40890.0,56494.0,,,40890.0,61,49.23413566739606,74.61706783369803,42.11886304909561,70.28423772609818,,,39.693654266958426,37.157622739018095,
Oglethorpe University,United States,57,27.3,45806.0,45806.0,59320.0,,,45806.0,57,54.92341356673961,82.4945295404814,48.837209302325576,79.58656330749353,,,39.95623632385121,37.46770025839793,
Piedmont University,United States,6,66.7,30680.0,30680.0,45359.0,,,30680.0,6,96.93654266958424,48.35886214442014,96.64082687338501,45.73643410852713,,,78.81838074398249,79.68992248062015,
Reinhardt University,United States,1,100.0,28420.0,28420.0,45689.0,,,28420.0,1,100.0,42.4507658643326,100.0,40.82687338501292,,,83.01969365426696,83.66925064599484,
Savannah State University,United States,63,25.5,5498.0,16218.0,17185.0,,,16218.0,63,46.389496717724285,9.190371991247265,38.759689922480625,10.852713178294573,,,64.15754923413567,58.91472868217055,
Shorter University,United States,401,2.9,24044.0,24044.0,34985.0,,,24044.0,401,16.849015317286653,34.35448577680525,13.436692506459949,33.59173126614987,,,36.36761487964989,34.62532299741602,
Valdosta State University,United States,63,25.5,6007.0,17062.0,20202.0,,,17062.0,63,46.389496717724285,11.597374179431071,38.759689922480625,13.436692506459949,,,63.19474835886214,57.88113695090439,
University of West Georgia,United States,301,12.5,5971.0,17024.0,23504.0,,,17024.0,301,22.975929978118163,11.159737417943107,16.27906976744186,12.919896640826872,,,49.32166301969366,44.59948320413437,
Augusta University,United States,401,2.9,8122.0,23500.0,22146.0,,,23500.0,401,16.849015317286653,33.69803063457331,13.436692506459949,32.81653746770026,,,36.63019693654267,34.935400516795866,
Middle Georgia State University,United States,73,22.5,4432.0,14032.0,20189.0,,,14032.0,73,34.79212253829322,5.470459518599562,25.064599483204137,6.459948320413436,,,58.6870897155361,52.454780361757116,
University of North Georgia,United States,21,41.0,5009.0,15441.0,18062.0,,,15441.0,21,82.71334792122538,7.439824945295405,80.36175710594316,8.785529715762273,,,86.65207877461707,84.70284237726099,
Kennesaw State University,United States,65,24.9,5786.0,17040.0,24618.0,,,17040.0,65,40.48140043763676,11.37855579868709,31.782945736434108,13.178294573643413,,,59.73741794310722,53.7984496124031,
Appalachian State University,United States,73,22.5,7541.0,24537.0,22654.0,,,24537.0,73,34.79212253829322,35.22975929978118,25.064599483204137,34.366925064599485,,,46.783369803063465,41.29198966408269,
Campbell University,United States,11,52.8,40410.0,40410.0,58752.0,,,40410.0,11,88.40262582056893,73.96061269146608,86.56330749354005,69.50904392764858,,,63.457330415754925,64.1343669250646,
Duke University,United States,28,37.5,65805.0,65805.0,82749.0,,,65805.0,28,76.80525164113786,98.46827133479212,73.64341085271317,98.19121447028424,,,46.69584245076586,44.909560723514204,
East Carolina University,United States,7,60.4,7361.0,23638.0,23689.0,,,23638.0,7,96.06126914660832,33.91684901531728,95.60723514211887,33.0749354005168,,,84.07002188183807,84.1343669250646,
Elizabeth City State University,United States,52,28.8,3412.0,7412.0,18837.0,,,7412.0,52,63.01969365426696,0.437636761487965,58.39793281653747,0.516795865633075,,,77.63676148796499,74.83204134366926,
Elon University,United States,57,27.3,44536.0,44536.0,59369.0,,,44536.0,57,54.92341356673961,80.52516411378556,48.837209302325576,77.2609819121447,,,40.74398249452954,38.39793281653746,
Fayetteville State University,United States,52,28.8,3969.0,7969.0,16098.0,,,7969.0,52,63.01969365426696,0.87527352297593,58.39793281653747,1.03359173126615,,,77.4617067833698,74.62532299741602,
Gardner-Webb University,United States,45,31.5,33450.0,33450.0,48813.0,,,33450.0,45,64.98905908096279,55.032822757111596,60.46511627906976,50.0,,,56.980306345733034,56.279069767441854,
High Point University,United States,39,33.5,44208.0,44208.0,61582.0,,,44208.0,39,70.02188183807439,79.21225382932167,66.1498708010336,75.71059431524549,,,50.328227571115974,49.40568475452197,
Johnson C Smith University,United States,14,47.8,20480.0,20480.0,34228.0,,,20480.0,14,84.9015317286652,22.538293216630198,82.42894056847545,23.772609819121445,,,81.92560175054705,79.9483204134367,
Lenoir-Rhyne University,United States,57,27.3,30900.0,30900.0,57649.0,,,30900.0,57,54.92341356673961,48.57768052516411,48.837209302325576,45.99483204134367,,,53.522975929978124,50.904392764857874,
Methodist University,United States,40,33.2,39664.0,39664.0,53585.0,,,39664.0,40,68.27133479212254,71.33479212253829,64.08268733850129,66.66666666666666,,,52.42888402625821,51.78294573643411,
University of Mount Olive,United States,54,28.2,25950.0,25950.0,35362.0,,,25950.0,54,56.455142231947484,37.63676148796499,50.64599483204134,36.434108527131784,,,58.818380743982495,55.81395348837209,
North Carolina A & T State University,United States,63,25.5,6748.0,20408.0,19180.0,,,20408.0,63,46.389496717724285,22.319474835886215,38.759689922480625,23.51421188630491,,,58.905908096280086,53.850129198966414,
University of North Carolina Asheville,United States,32,35.9,7461.0,24809.0,21061.0,,,24809.0,32,74.83588621444201,35.886214442013134,71.31782945736434,34.62532299741602,,,70.54704595185996,68.9405684754522,
University of North Carolina at Chapel Hill,United States,32,35.9,8989.0,39330.0,25181.0,,,39330.0,32,74.83588621444201,70.02188183807439,71.31782945736434,65.37467700258398,,,56.89277899343545,56.64082687338501,
University of North Carolina at Charlotte,United States,32,35.9,7214.0,21876.0,22034.0,,,21876.0,32,74.83588621444201,28.665207877461707,71.31782945736434,27.906976744186046,,,73.43544857768052,71.62790697674419,
University of North Carolina at Greensboro,United States,32,35.9,7593.0,23339.0,19628.0,,,23339.0,32,74.83588621444201,33.04157549234136,71.31782945736434,32.55813953488372,,,71.68490153172866,69.76744186046511,
North Carolina Wesleyan University,United States,24,39.1,35536.0,35536.0,48263.0,,,35536.0,24,81.1816192560175,60.83150984682714,78.81136950904393,55.297157622739014,,,64.37636761487964,65.16795865633075,
University of North Carolina Wilmington,United States,32,35.9,7317.0,22985.0,25913.0,,,22985.0,32,74.83588621444201,31.72866520787746,71.31782945736434,31.007751937984494,,,72.21006564551422,70.3875968992248,
University of North Carolina at Pembroke,United States,32,35.9,3571.0,7571.0,16854.0,,,7571.0,32,74.83588621444201,0.6564551422319475,71.31782945736434,0.7751937984496124,,,84.63894967177242,82.48062015503876,
Queens University of Charlotte,United States,201,15.8,43285.0,43285.0,56944.0,,,43285.0,201,30.196936542669583,78.11816192560175,21.705426356589147,74.4186046511628,,,26.87089715536105,23.25581395348837,
Wake Forest University,United States,401,0.8,64758.0,64758.0,82818.0,,,64758.0,401,16.849015317286653,97.81181619256017,13.436692506459949,97.41602067183463,,,10.984682713347922,9.095607235142117,
Wingate University,United States,31,36.2,40196.0,40196.0,57780.0,,,40196.0,31,75.92997811816193,73.7417943107221,72.60981912144703,69.25064599483204,,,56.06126914660831,55.8656330749354,
Winston-Salem State University,United States,63,25.5,6735.0,17391.0,22345.0,,,17391.0,63,46.389496717724285,13.347921225382933,38.759689922480625,14.987080103359174,,,62.494529540481395,57.2609819121447,
Western Carolina University,United States,401,4.7,4532.0,8532.0,19057.0,,,8532.0,401,16.849015317286653,1.0940919037199124,13.436692506459949,1.2919896640826873,,,49.671772428884026,47.5452196382429,
Andrews University,United States,401,3.8,33710.0,33710.0,43670.0,,,33710.0,401,16.849015317286653,56.236323851203494,13.436692506459949,51.162790697674424,,,27.614879649890593,27.5968992248062,
Calvin University,United States,10,54.1,38670.0,38670.0,53286.0,,,38670.0,10,93.43544857768052,68.9277899343545,92.50645994832041,64.08268733850129,,,68.49015317286651,69.87080103359173,
Central Michigan University,United States,73,22.5,14190.0,14190.0,26470.0,,,14190.0,73,34.79212253829322,5.689277899343545,25.064599483204137,6.718346253229974,,,58.59956236323851,52.351421188630496,
Davenport University,United States,401,3.8,23324.0,23324.0,35864.0,,,23324.0,401,16.849015317286653,32.822757111597376,13.436692506459949,32.299741602067186,,,36.98030634573304,35.14211886304909,
University of Detroit Mercy,United States,201,14.6,32300.0,32300.0,40069.0,,,32300.0,201,30.196936542669583,52.078774617067836,21.705426356589147,48.06201550387597,,,37.286652078774615,33.798449612403104,
Eastern Michigan University,United States,73,22.5,15510.0,15510.0,28168.0,,,15510.0,73,34.79212253829322,7.658643326039387,25.064599483204137,9.043927648578812,,,57.81181619256018,51.42118863049096,
Ferris State University,United States,52,28.8,13630.0,13630.0,26066.0,,,13630.0,52,63.01969365426696,4.814004376367615,58.39793281653747,5.684754521963824,,,75.88621444201313,72.76485788113695,
Kettering University,United States,39,33.5,46380.0,46380.0,58610.0,,,46380.0,39,70.02188183807439,83.58862144420132,66.1498708010336,80.87855297157623,,,48.57768052516411,47.33850129198967,
Cornerstone University,United States,40,33.2,29100.0,29100.0,40737.0,,,29100.0,40,68.27133479212254,44.63894967177243,64.08268733850129,42.63565891472868,,,63.10722100656455,61.3953488372093,
Grand Valley State University,United States,63,25.5,14628.0,20820.0,26578.0,,,20820.0,63,46.389496717724285,24.288840262582056,38.759689922480625,24.8062015503876,,,58.11816192560175,53.333333333333336,
Lake Superior State University,United States,63,25.5,14266.0,14266.0,25757.0,,,14266.0,63,46.389496717724285,6.12691466083151,38.759689922480625,7.235142118863049,,,65.38293216630197,60.361757105943155,
Madonna University,United States,401,4.1,27360.0,27360.0,38809.0,,,27360.0,401,16.849015317286653,40.48140043763676,13.436692506459949,39.01808785529715,,,33.91684901531729,32.45478036175711,
University of Michigan-Ann Arbor,United States,17,44.9,17228.0,58072.0,33345.0,,,58072.0,17,83.58862144420132,92.5601750547046,81.13695090439276,91.21447028423772,,,53.12910284463895,52.19638242894057,
Michigan State University,United States,73,22.5,15988.0,43372.0,30528.0,,,43372.0,73,34.79212253829322,78.33698030634574,25.064599483204137,74.67700258397933,,,29.540481400437635,25.16795865633075,
Michigan Technological University,United States,73,22.5,18392.0,41340.0,32550.0,,,41340.0,73,34.79212253829322,75.27352297592998,25.064599483204137,71.0594315245478,,,30.76586433260394,26.61498708010336,
University of Michigan-Dearborn,United States,17,44.9,14944.0,31360.0,22435.0,,,31360.0,17,83.58862144420132,50.10940919037199,81.13695090439276,46.51162790697674,,,70.10940919037199,70.07751937984496,
University of Michigan-Flint,United States,70,23.4,14014.0,31274.0,23329.0,,,31274.0,70,37.63676148796499,49.89059080962801,28.42377260981912,46.253229974160206,,,42.62582056892779,38.55297157622739,
Northern Michigan University,United States,401,2.6,13304.0,18800.0,26206.0,,,18800.0,401,16.849015317286653,15.75492341356674,13.436692506459949,17.31266149870801,,,43.8074398249453,41.13695090439277,
Northwood University,United States,24,39.1,33000.0,33000.0,47114.0,,,33000.0,24,81.1816192560175,53.610503282275715,78.81136950904393,49.09560723514212,,,67.26477024070022,67.6485788113695,
Oakland University,United States,10,54.1,14694.0,23188.0,25016.0,,,23188.0,10,93.43544857768052,32.16630196936542,92.50645994832041,31.52454780361757,,,83.19474835886214,82.89405684754522,
Saginaw Valley State University,United States,63,25.5,12240.0,28752.0,24043.0,,,28752.0,63,46.389496717724285,43.544857768052516,38.759689922480625,41.60206718346253,,,50.41575492341356,46.61498708010336,
Siena Heights University,United States,31,36.2,29778.0,29778.0,42802.0,,,29778.0,31,75.92997811816193,46.389496717724285,72.60981912144703,44.18604651162791,,,67.00218818380745,65.89147286821705,
Wayne State University,United States,63,25.5,14297.0,30419.0,26794.0,,,30419.0,63,46.389496717724285,47.4835886214442,38.759689922480625,44.96124031007752,,,48.840262582056894,45.27131782945737,
Western Michigan University,United States,73,22.5,15298.0,19098.0,28655.0,,,19098.0,73,34.79212253829322,18.161925601750546,25.064599483204137,19.638242894056848,,,53.610503282275715,47.18346253229974,
Linfield University,United States,10,54.1,49530.0,49530.0,63825.0,,,49530.0,10,93.43544857768052,85.99562363238512,92.50645994832041,83.4625322997416,,,61.66301969365426,62.11886304909561,
Brigham Young University-Hawaii,United States,401,5.0,6438.0,6438.0,22970.0,,,6438.0,401,16.849015317286653,0.2188183807439825,13.436692506459949,0.2583979328165375,,,50.0218818380744,47.958656330749356,
University of Kansas,United States,301,11.3,11700.0,29412.0,25215.0,,,29412.0,301,22.975929978118163,45.076586433260395,16.27906976744186,43.15245478036176,,,35.75492341356674,32.50645994832041,
University of Colorado Boulder,United States,34,35.2,16430.0,41943.0,33466.0,,,41943.0,34,73.08533916849015,76.58643326039387,69.50904392764858,72.60981912144703,,,53.21663019693654,52.66149870801033,
Rutgers University-Newark,United States,401,2.9,16586.0,35348.0,33749.0,,,35348.0,401,16.849015317286653,60.17505470459519,13.436692506459949,54.52196382428941,,,26.039387308533918,26.253229974160206,
Rutgers University-Camden,United States,401,2.9,17079.0,35841.0,33812.0,,,35841.0,401,16.849015317286653,62.144420131291035,13.436692506459949,56.84754521963824,,,25.25164113785558,25.322997416020673,
University of Louisiana at Monroe,United States,401,2.0,9190.0,21290.0,23552.0,,,21290.0,401,16.849015317286653,26.039387308533918,13.436692506459949,26.098191214470283,,,39.693654266958426,37.622739018087856,
University of South Carolina Aiken,United States,46,31.2,10760.0,21218.0,20922.0,,,21218.0,46,64.77024070021882,25.601750547045953,60.20671834625323,25.581395348837212,,,68.62144420131291,65.89147286821705,
University of Arizona,United States,62,25.8,13626.0,41095.0,28543.0,,,41095.0,62,47.26477024070022,75.054704595186,39.79328165374677,70.80103359173127,,,38.33698030634574,35.55555555555555,
Rogers State University,United States,52,28.8,7392.0,15176.0,21023.0,,,15176.0,52,63.01969365426696,7.00218818380744,58.39793281653747,8.2687338501292,,,75.01094091903721,71.7312661498708,
Saint Ambrose University,United States,401,4.1,35598.0,35598.0,50018.0,,,35598.0,401,16.849015317286653,61.48796498905909,13.436692506459949,56.07235142118863,,,25.514223194748357,25.63307493540052,
University of Virginia-Main Campus,United States,66,24.6,20986.0,58014.0,38132.0,,,58014.0,66,38.29321663019694,92.34135667396062,29.198966408268735,90.95607235142118,,,26.039387308533918,21.136950904392766,
University of Mobile,United States,5,67.2,26120.0,26120.0,38731.0,,,26120.0,5,97.3741794310722,38.074398249452955,96.89922480620154,36.69250645994832,,,83.19474835886214,83.4625322997416,
The University of the South,United States,401,1.4,53698.0,53698.0,68704.0,,,53698.0,401,16.849015317286653,89.27789934354486,13.436692506459949,87.33850129198967,,,14.398249452954047,13.1266149870801,
Lipscomb University,United States,7,60.4,38824.0,38824.0,53549.0,,,38824.0,7,96.06126914660832,69.14660831509846,95.60723514211887,64.34108527131784,,,69.97811816192561,71.62790697674419,
Augustana University,United States,401,4.1,39190.0,39190.0,53169.0,,,39190.0,401,16.849015317286653,69.80306345733041,13.436692506459949,65.11627906976744,,,22.188183807439827,22.015503875968992,
Lander University,United States,201,14.3,11700.0,21300.0,26069.0,,,21300.0,201,30.196936542669583,26.258205689277897,21.705426356589147,26.356589147286826,,,47.6148796498906,42.48062015503876,
Furman University,United States,201,14.9,58312.0,58312.0,73760.0,,,58312.0,201,30.196936542669583,93.21663019693655,21.705426356589147,91.98966408268734,,,20.83150984682713,16.22739018087855,
Pacific University,United States,61,26.1,54466.0,54466.0,69330.0,,,54466.0,61,49.23413566739606,89.49671772428884,42.11886304909561,87.59689922480621,,,33.7417943107221,30.23255813953488,
University of Arkansas,United States,62,25.8,9748.0,28772.0,26161.0,,,28772.0,62,47.26477024070022,43.7636761487965,39.79328165374677,41.86046511627907,,,50.85339168490154,47.13178294573643,
University of Tulsa,United States,50,30.0,48602.0,48602.0,63093.0,,,48602.0,50,63.67614879649891,85.55798687089715,58.91472868217055,82.94573643410853,,,43.98249452954049,42.17054263565892,
Oklahoma Christian University,United States,52,28.8,25900.0,25900.0,38029.0,,,25900.0,52,63.01969365426696,37.41794310722101,58.39793281653747,36.17571059431525,,,62.844638949671776,60.56847545219638,
Thomas Edison State University,United States,52,28.8,6638.0,8598.0,,,,8598.0,52,63.01969365426696,1.312910284463895,58.39793281653747,1.550387596899225,,,77.28665207877461,74.41860465116278,
University of Nebraska at Kearney,United States,38,33.8,8302.0,14260.0,24452.0,,,14260.0,38,72.21006564551422,5.908096280087528,68.73385012919897,6.976744186046512,,,80.96280087527353,78.44961240310079,
The University of Montana,United States,301,8.9,8152.0,31622.0,23744.0,,,31622.0,301,22.975929978118163,50.984682713347915,16.27906976744186,47.286821705426355,,,33.39168490153173,30.852713178294575,
Saint Cloud State University,United States,52,28.8,10117.0,10117.0,21389.0,,,10117.0,52,63.01969365426696,2.1881838074398248,58.39793281653747,2.5839793281653747,,,76.93654266958424,74.00516795865633,
University of Northwestern-St Paul,United States,60,26.4,36830.0,36830.0,48246.0,,,36830.0,60,49.671772428884026,63.67614879649891,42.63565891472868,58.139534883720934,,,44.332603938730855,42.325581395348834,
MCPHS University,United States,56,27.6,38850.0,38850.0,58975.0,,,38850.0,56,56.236323851203494,69.36542669584244,50.3875968992248,64.59948320413437,,,45.99562363238512,44.39276485788113,
University of Maine at Augusta,United States,38,33.8,8618.0,21548.0,18813.0,,,21548.0,38,72.21006564551422,27.35229759299781,68.73385012919897,26.873385012919897,,,72.38512035010942,70.49095607235142,
Tulane University of Louisiana,United States,58,27.0,65538.0,65538.0,83761.0,,,65538.0,58,51.64113785557986,98.24945295404814,44.96124031007752,97.9328165374677,,,31.68490153172866,27.803617571059434,
Northwestern State University of Louisiana,United States,24,39.1,8864.0,19652.0,24496.0,,,19652.0,24,81.1816192560175,19.693654266958426,78.81136950904393,21.44702842377261,,,80.83150984682713,78.70801033591732,
Purdue University Fort Wayne,United States,68,24.0,9254.0,22220.0,19714.0,,,22220.0,68,38.074398249452955,29.978118161925604,28.940568475452196,29.457364341085274,,,50.85339168490153,45.581395348837205,
Northwest Nazarene University,United States,24,39.1,39370.0,39370.0,50275.0,,,39370.0,24,81.1816192560175,70.24070021881839,78.81136950904393,65.63307493540051,,,60.61269146608314,61.03359173126615,
Regis University,United States,61,26.1,43980.0,43980.0,54889.0,,,43980.0,61,49.23413566739606,78.99343544857767,42.11886304909561,75.45219638242894,,,37.94310722100657,35.09043927648579,
Rowan University,United States,401,4.1,15700.0,25564.0,34116.0,,,25564.0,401,16.849015317286653,37.199124726477024,13.436692506459949,35.917312661498705,,,35.22975929978118,33.69509043927649,
Mount Mercy University,United States,57,27.3,39070.0,39070.0,52436.0,,,39070.0,57,54.92341356673961,69.58424507658644,48.837209302325576,64.85788113695091,,,45.12035010940919,43.359173126614984,
Asbury University,United States,57,27.3,33640.0,33640.0,46209.0,,,33640.0,57,54.92341356673961,55.57986870897156,48.837209302325576,50.64599483204134,,,50.72210065645514,49.04392764857881,
University of the Cumberlands,United States,401,6.5,9875.0,9875.0,24654.0,,,9875.0,401,16.849015317286653,1.9693654266958425,13.436692506459949,2.3255813953488373,,,49.32166301969366,47.13178294573644,
Rose-Hulman Institute of Technology,United States,72,22.8,56674.0,56674.0,74226.0,,,56674.0,72,37.199124726477024,91.02844638949672,27.906976744186046,89.40568475452196,,,25.908096280087527,20.981912144702843,
New Jersey Institute of Technology,United States,72,22.8,19022.0,35934.0,32228.0,,,35934.0,72,37.199124726477024,62.58205689277899,27.906976744186046,57.36434108527132,,,37.28665207877462,33.7984496124031,
DigiPen Institute of Technology,United States,72,22.8,37400.0,37400.0,51366.0,,,37400.0,72,37.199124726477024,64.98905908096279,27.906976744186046,59.68992248062015,,,36.3238512035011,32.86821705426357,
West Virginia University Institute of Technology,United States,72,22.8,8064.0,20120.0,18343.0,,,20120.0,72,37.199124726477024,21.663019693654267,27.906976744186046,22.739018087855296,,,53.654266958424515,47.648578811369504,
Oregon Institute of Technology,United States,72,22.8,12687.0,35592.0,26675.0,,,35592.0,72,37.199124726477024,61.2691466083151,27.906976744186046,55.81395348837209,,,37.81181619256017,34.41860465116279,
Stevens Institute of Technology,United States,72,22.8,60952.0,60952.0,76449.0,,,60952.0,72,37.199124726477024,94.74835886214443,27.906976744186046,93.7984496124031,,,24.420131291028444,19.224806201550386,
Wentworth Institute of Technology,United States,72,22.8,41010.0,41010.0,55030.0,,,41010.0,72,37.199124726477024,74.83588621444201,27.906976744186046,70.54263565891473,,,32.38512035010941,28.527131782945734,
Massachusetts Institute of Technology,United States,3,75.4,60156.0,60156.0,79850.0,,,60156.0,3,98.03063457330416,93.8730853391685,97.67441860465115,92.76485788113695,,,61.26914660831509,61.49870801033591,
Indiana Institute of Technology,United States,8,59.5,30446.0,30446.0,43490.0,,,30446.0,8,94.74835886214443,47.70240700218819,94.05684754521964,45.21963824289406,,,77.76805251641139,78.34625322997417,
University of Cambridge,United Kingdom,5,67.2,,,,9250.0,27048.0,34350.96,5,97.3741794310722,57.54923413566739,,,100.0,87.14285714285714,75.40481400437636,,65.14285714285714
University of Oxford,United Kingdom,16,45.4,,,,9250.0,28950.0,36766.5,16,84.02625820568927,63.45733041575492,,,98.57142857142858,94.28571428571428,65.0328227571116,,61.42857142857144
Imperial College London,United Kingdom,23,39.8,,,,9250.0,37900.0,48133.0,23,81.4004376367615,85.12035010940919,,,95.71428571428572,100.0,54.79212253829322,,57.42857142857143
University College London,United Kingdom,18,43.2,,,,9250.0,31200.0,39624.0,18,83.15098468271334,70.89715536105032,,,97.14285714285714,97.14285714285714,61.53172866520787,,59.42857142857142
London School of Economics and Political Science,United Kingdom,76,24.3,,,,9250.0,25608.0,32522.16,76,32.38512035010941,52.516411378555794,,,88.57142857142857,75.71428571428571,38.42450765864333,,62.857142857142854
King's College London,United Kingdom,33,35.6,,,,9250.0,31350.0,39814.5,33,73.52297592997812,72.21006564551422,,,94.28571428571428,98.57142857142858,55.22975929978118,,57.14285714285713
University of Edinburgh,United Kingdom,36,34.5,,,,1820.0,26500.0,33655.0,36,72.42888402625822,55.798687089715536,,,92.85714285714286,84.28571428571429,61.13785557986871,,62.0
University of Manchester,United Kingdom,41,32.9,,,,9250.0,26000.0,33020.0,41,66.3019693654267,53.93873085339168,,,91.42857142857143,80.71428571428572,58.205689277899346,,62.57142857142857
University of Warwick,United Kingdom,201,15.2,,,,9250.0,27060.0,34366.2,201,30.196936542669583,57.76805251641138,,,77.14285714285715,88.57142857142857,35.010940919037196,,50.85714285714286
University of Bristol,United Kingdom,51,29.1,,,,9250.0,27200.0,34544.0,51,63.23851203501094,58.42450765864332,,,90.0,90.0,54.57330415754923,,58.0
University of Glasgow,United Kingdom,101,21.2,,,,1820.0,24540.0,31165.8,101,32.16630196936542,49.671772428884026,,,87.14285714285714,70.0,39.43107221006564,,64.28571428571428
Durham University,United Kingdom,201,14.9,,,,9250.0,28500.0,36195.0,201,30.196936542669583,63.01969365426696,,,77.14285714285715,92.85714285714286,32.91028446389497,,49.142857142857146
University of Sheffield,United Kingdom,151,17.9,,,,9250.0,23650.0,30035.5,151,31.947483588621445,46.608315098468275,,,85.71428571428571,60.0,40.52516411378556,,67.42857142857142
University of Birmingham,United Kingdom,151,18.5,,,,9250.0,25860.0,32842.2,151,31.947483588621445,52.95404814004377,,,85.71428571428571,77.14285714285715,37.986870897155356,,60.57142857142856
University of Leeds,United Kingdom,151,18.4,,,,9250.0,24500.0,31115.0,151,31.947483588621445,49.45295404814004,,,85.71428571428571,68.57142857142857,39.38730853391685,,64.0
University of Nottingham,United Kingdom,151,18.0,,,,9250.0,26000.0,33020.0,151,31.947483588621445,53.93873085339168,,,85.71428571428571,80.71428571428572,37.59299781181619,,59.14285714285714
University of Southampton,United Kingdom,151,17.8,,,,9250.0,24400.0,30988.0,151,31.947483588621445,48.796498905908095,,,85.71428571428571,64.28571428571429,39.64989059080963,,65.71428571428571
University of York,United Kingdom,201,15.5,,,,9250.0,24450.0,31051.5,201,30.196936542669583,49.12472647702407,,,77.14285714285715,66.42857142857143,38.46827133479212,,59.71428571428572
Newcastle University,United Kingdom,201,16.0,,,,9250.0,24000.0,30480.0,201,30.196936542669583,47.921225382932164,,,77.14285714285715,62.857142857142854,38.949671772428886,,61.14285714285715
University of Liverpool,United Kingdom,151,18.1,,,,9250.0,23400.0,29718.0,151,31.947483588621445,46.17067833698031,,,85.71428571428571,58.57142857142858,40.70021881838075,,68.0
Cardiff University,United Kingdom,201,16.2,,,,9000.0,24450.0,31051.5,201,30.196936542669583,49.12472647702407,,,77.14285714285715,66.42857142857143,38.46827133479212,,59.71428571428572
Queen Mary University of London,United Kingdom,201,15.8,,,,9250.0,26250.0,33337.5,201,30.196936542669583,54.48577680525164,,,77.14285714285715,82.85714285714286,36.32385120350109,,53.142857142857146
University of Exeter,United Kingdom,201,14.6,,,,9250.0,27000.0,34290.0,201,30.196936542669583,57.22100656455142,,,77.14285714285715,85.71428571428571,35.22975929978118,,52.00000000000001
Lancaster University,United Kingdom,201,14.3,,,,9250.0,25040.0,31800.8,201,30.196936542669583,51.64113785557986,,,77.14285714285715,72.85714285714285,37.461706783369806,,57.14285714285715
University of Bath,United Kingdom,201,14.0,,,,9250.0,25900.0,32893.0,201,30.196936542669583,53.39168490153173,,,77.14285714285715,78.57142857142857,36.76148796498906,,54.85714285714286
Loughborough University,United Kingdom,201,13.7,,,,9250.0,27700.0,35179.0,201,30.196936542669583,59.73741794310722,,,77.14285714285715,91.42857142857143,34.223194748358864,,49.71428571428572
University of Surrey,United Kingdom,201,13.4,,,,9250.0,23800.0,30226.0,201,30.196936542669583,47.04595185995623,,,77.14285714285715,61.42857142857143,39.29978118161926,,61.71428571428572
University of Leicester,United Kingdom,201,13.1,,,,9250.0,21750.0,27622.5,201,30.196936542669583,40.70021881838075,,,77.14285714285715,50.0,41.838074398249454,,66.28571428571429
University of Strathclyde,United Kingdom,301,12.8,,,,1820.0,22400.0,28448.0,301,22.975929978118163,42.669584245076585,,,60.0,52.85714285714286,36.717724288840266,,54.85714285714286
University of East Anglia,United Kingdom,301,12.5,,,,9250.0,22800.0,28956.0,301,22.975929978118163,44.201312910284464,,,60.0,55.714285714285715,36.10503282275711,,53.714285714285715
University of Reading,United Kingdom,301,12.2,,,,9250.0,22350.0,28384.5,301,22.975929978118163,42.23194748358862,,,60.0,51.42857142857142,36.89277899343545,,55.42857142857143
University of Sussex,United Kingdom,301,11.9,,,,9250.0,22500.0,28575.0,301,22.975929978118163,43.10722100656455,,,60.0,54.285714285714285,36.542669584245075,,54.28571428571429
Royal Holloway University of London,United Kingdom,301,11.6,,,,9250.0,23200.0,29464.0,301,22.975929978118163,45.73304157549234,,,60.0,57.14285714285714,35.49234135667396,,53.142857142857146
University of Kent,United Kingdom,301,11.3,,,,9250.0,19500.0,24765.0,301,22.975929978118163,35.55798687089716,,,60.0,42.142857142857146,39.562363238512035,,59.14285714285714
University of St Andrews,United Kingdom,301,11.0,,,,1820.0,30160.0,38303.2,301,22.975929978118163,68.05251641137856,,,60.0,95.71428571428572,26.564551422319475,,37.71428571428571
University of Aberdeen,United Kingdom,301,10.7,,,,1820.0,24800.0,31496.0,301,22.975929978118163,50.76586433260394,,,60.0,71.42857142857143,33.479212253829324,,47.42857142857143
University of Stirling,United Kingdom,301,10.4,,,,1820.0,16400.0,20828.0,301,22.975929978118163,24.50765864332604,,,60.0,22.857142857142858,43.98249452954048,,66.85714285714286
Heriot-Watt University,United Kingdom,301,10.1,,,,1820.0,19792.0,25135.84,301,22.975929978118163,36.32385120350109,,,60.0,44.285714285714285,39.25601750547046,,58.28571428571429
University of Dundee,United Kingdom,301,9.8,,,,1820.0,25300.0,32131.0,301,22.975929978118163,51.85995623632385,,,60.0,74.28571428571429,33.04157549234136,,46.285714285714285
Glasgow Caledonian University,United Kingdom,301,9.5,,,,1820.0,15500.0,19685.0,301,22.975929978118163,19.912472647702405,,,60.0,11.428571428571429,45.82056892778994,,71.42857142857143
Robert Gordon University,United Kingdom,301,9.2,,,,1820.0,17000.0,21590.0,301,22.975929978118163,27.680525164113785,,,60.0,32.142857142857146,42.713347921225385,,63.142857142857146
City University of London,United Kingdom,301,8.9,,,,9250.0,21500.0,27305.0,301,22.975929978118163,40.26258205689278,,,60.0,48.57142857142857,37.68052516411379,,56.57142857142857
Goldsmiths University of London,United Kingdom,301,8.6,,,,9250.0,18440.0,23418.8,301,22.975929978118163,33.260393873085334,,,60.0,37.142857142857146,40.481400437636765,,61.14285714285714
Brunel University London,United Kingdom,301,8.3,,,,9250.0,20810.0,26428.7,301,22.975929978118163,38.51203501094092,,,60.0,47.14285714285714,38.38074398249453,,57.142857142857146
Middlesex University,United Kingdom,301,8.0,,,,9250.0,16200.0,20574.0,301,22.975929978118163,22.86652078774617,,,60.0,17.857142857142858,44.63894967177243,,68.85714285714286
University of Greenwich,United Kingdom,401,7.7,,,,9250.0,17000.0,21590.0,401,16.849015317286653,27.680525164113785,,,35.714285714285715,32.142857142857146,39.03719912472648,,48.57142857142857
London Metropolitan University,United Kingdom,401,7.4,,,,9250.0,15576.0,19781.52,401,16.849015317286653,20.350109409190374,,,35.714285714285715,12.857142857142856,41.969365426695845,,56.28571428571428
Coventry University,United Kingdom,401,7.1,,,,9250.0,16800.0,21336.0,401,16.849015317286653,26.695842450765866,,,35.714285714285715,27.142857142857142,39.43107221006565,,50.57142857142857
University of Chester,United Kingdom,401,6.8,,,,9250.0,13450.0,17081.5,401,16.849015317286653,11.816192560175056,,,35.714285714285715,2.857142857142857,45.38293216630197,,60.28571428571429
University of Cumbria,United Kingdom,401,6.5,,,,9250.0,13575.0,17240.25,401,16.849015317286653,12.25382932166302,,,35.714285714285715,4.285714285714286,45.20787746170679,,59.71428571428571
Teesside University,United Kingdom,401,6.2,,,,9250.0,15000.0,19050.0,401,16.849015317286653,17.833698030634572,,,35.714285714285715,9.285714285714286,42.97592997811817,,57.71428571428571
University of Bolton,United Kingdom,401,5.9,,,,9250.0,12950.0,16446.5,401,16.849015317286653,10.065645514223196,,,35.714285714285715,1.4285714285714286,46.08315098468272,,60.85714285714286
University of Bedfordshire,United Kingdom,401,5.6,,,,9250.0,14600.0,18542.0,401,16.849015317286653,15.098468271334792,,,35.714285714285715,7.142857142857142,44.07002188183807,,58.57142857142857
University of Wolverhampton,United Kingdom,401,5.3,,,,9250.0,14450.0,18351.5,401,16.849015317286653,14.442013129102845,,,35.714285714285715,5.714285714285714,44.332603938730855,,59.14285714285714
Birmingham City University,United Kingdom,401,5.0,,,,9250.0,16300.0,20701.0,401,16.849015317286653,23.522975929978116,,,35.714285714285715,20.714285714285715,40.70021881838075,,53.14285714285714
Manchester Metropolitan University,United Kingdom,401,4.7,,,,9250.0,18500.0,23495.0,401,16.849015317286653,33.479212253829324,,,35.714285714285715,38.57142857142858,36.71772428884026,,46.0
Sheffield Hallam University,United Kingdom,401,4.4,,,,9250.0,16895.0,21456.65,401,16.849015317286653,26.914660831509845,,,35.714285714285715,28.57142857142857,39.34354485776805,,50.0
Swansea University,United Kingdom,401,4.1,,,,9000.0,20550.0,26098.5,401,16.849015317286653,37.85557986870897,,,35.714285714285715,45.714285714285715,34.967177242888404,,43.14285714285714
Bangor University,United Kingdom,401,3.8,,,,9000.0,17500.0,22225.0,401,16.849015317286653,30.306345733041574,,,35.714285714285715,35.0,37.986870897155356,,47.42857142857143
Aberystwyth University,United Kingdom,401,3.5,,,,9000.0,16300.0,20701.0,401,16.849015317286653,23.522975929978116,,,35.714285714285715,20.714285714285715,40.70021881838075,,53.14285714285714
Cardiff Metropolitan University,United Kingdom,401,3.2,,,,9000.0,15000.0,19050.0,401,16.849015317286653,17.833698030634572,,,35.714285714285715,9.285714285714286,42.97592997811817,,57.71428571428571
Ulster University,United Kingdom,401,2.9,,,,4710.0,15840.0,20116.8,401,16.849015317286653,21.444201312910284,,,35.714285714285715,15.714285714285714,41.53172866520788,,55.14285714285714
Northumbria University,United Kingdom,401,2.6,,,,9250.0,17500.0,22225.0,401,16.849015317286653,30.306345733041574,,,35.714285714285715,35.0,37.986870897155356,,47.42857142857143
University of Hull,United Kingdom,401,2.3,,,,9250.0,19500.0,24765.0,401,16.849015317286653,35.55798687089716,,,35.714285714285715,42.142857142857146,35.88621444201313,,44.57142857142857
University of Lincoln,United Kingdom,401,2.0,,,,9250.0,16200.0,20574.0,401,16.849015317286653,22.86652078774617,,,35.714285714285715,17.857142857142858,40.96280087527353,,54.28571428571428
University of Plymouth,United Kingdom,401,1.7,,,,9250.0,16700.0,21209.0,401,16.849015317286653,25.38293216630197,,,35.714285714285715,25.71428571428571,39.9562363238512,,51.142857142857146
University of Portsmouth,United Kingdom,401,1.4,,,,9250.0,19200.0,24384.0,401,16.849015317286653,34.79212253829322,,,35.714285714285715,40.0,36.1925601750547,,45.42857142857143
Oxford Brookes University,United Kingdom,401,1.1,,,,9250.0,16900.0,21463.0,401,16.849015317286653,27.13347921225383,,,35.714285714285715,30.0,39.25601750547046,,49.42857142857143
De Montfort University,United Kingdom,401,0.8,,,,9250.0,15750.0,20002.5,401,16.849015317286653,21.00656455142232,,,35.714285714285715,14.285714285714285,41.70678336980306,,55.71428571428572
Nottingham Trent University,United Kingdom,401,0.5,,,,9250.0,16500.0,20955.0,401,16.849015317286653,24.945295404814004,,,35.714285714285715,24.285714285714285,40.13129102844639,,51.71428571428572
